Age,Attrition,BusinessTravel,DistanceFromHome,Education,EmployeeID,EnvironmentSatisfaction,Gender,MaritalStatus,MonthlyIncome,NumCompaniesWorked,OverTime,TotalWorkingYears
41,Yes,Travel_Rarely,1,2,1,2,Female,Single,5993,8,Yes,8
49,No,Travel_Frequently,8,1,2,3,Male,Married,5130,1,No,10
37,Yes,Travel_Rarely,2,2,4,4,Male,Single,2090,6,Yes,7
33,No,Travel_Frequently,3,4,5,4,Female,Married,2909,1,Yes,8
27,No,Travel_Rarely,2,1,7,1,Male,Married,3468,9,No,6
32,No,Travel_Frequently,2,2,8,4,Male,Single,3068,0,No,8
59,No,Travel_Rarely,3,3,10,3,Female,Married,2670,4,Yes,12
30,No,Travel_Rarely,24,1,11,4,Male,Divorced,2693,1,No,1
38,No,Travel_Frequently,23,3,12,4,Male,Single,9526,0,No,10
36,No,Travel_Rarely,27,3,13,3,Male,Married,5237,6,No,17
35,No,Travel_Rarely,16,3,14,1,Male,Married,2426,0,No,6
29,No,Travel_Rarely,15,2,15,4,Female,Single,4193,0,Yes,10
31,No,Travel_Rarely,26,1,16,1,Male,Divorced,2911,1,No,5
34,No,Travel_Rarely,19,2,18,2,Male,Divorced,2661,0,No,3
28,Yes,Travel_Rarely,24,3,19,3,Male,Single,2028,5,Yes,6
29,No,Travel_Rarely,21,4,20,2,Female,Divorced,9980,1,No,10
32,No,Travel_Rarely,5,2,21,1,Male,Divorced,3298,0,Yes,7
22,No,Non-Travel,16,2,22,4,Male,Divorced,2935,1,Yes,1
53,No,Travel_Rarely,2,4,23,1,Female,Married,15427,2,No,31
38,No,Travel_Rarely,2,3,24,4,Male,Single,3944,5,Yes,6
24,No,Non-Travel,11,2,26,1,Female,Divorced,4011,0,No,5
36,Yes,Travel_Rarely,9,4,27,3,Male,Single,3407,7,No,10
34,No,Travel_Rarely,7,4,28,1,Female,Single,11994,0,No,13
21,No,Travel_Rarely,15,2,30,3,Male,Single,1232,1,No,0
34,Yes,Travel_Rarely,6,1,31,2,Male,Single,2960,2,No,8
53,No,Travel_Rarely,5,3,32,3,Female,Divorced,19094,4,No,26
32,Yes,Travel_Frequently,16,1,33,2,Female,Single,3919,1,Yes,10
42,No,Travel_Rarely,8,4,35,3,Male,Married,6825,0,No,10
44,No,Travel_Rarely,7,4,36,1,Female,Married,10248,3,No,24
46,No,Travel_Rarely,2,4,38,2,Female,Single,18947,3,No,22
33,No,Travel_Rarely,2,3,39,3,Male,Single,2496,4,No,7
44,No,Travel_Rarely,10,4,40,4,Male,Married,6465,2,Yes,9
30,No,Travel_Rarely,9,2,41,4,Male,Single,2206,1,No,10
39,Yes,Travel_Rarely,5,3,42,4,Male,Married,2086,3,No,19
24,Yes,Travel_Rarely,1,3,45,2,Male,Married,2293,2,Yes,6
43,No,Travel_Rarely,2,2,46,4,Female,Divorced,2645,1,No,6
50,Yes,Travel_Rarely,3,2,47,1,Male,Married,2683,1,Yes,3
35,No,Travel_Rarely,2,3,49,4,Female,Married,2014,1,No,2
36,No,Travel_Rarely,5,4,51,2,Female,Married,3419,9,Yes,6
33,No,Travel_Frequently,1,3,52,3,Female,Married,5376,2,No,10
35,No,Travel_Rarely,4,2,53,3,Male,Divorced,1951,1,No,1
27,No,Travel_Rarely,2,4,54,4,Female,Divorced,2341,1,No,1
26,Yes,Travel_Rarely,25,3,55,1,Male,Single,2293,1,No,1
27,No,Travel_Frequently,8,3,56,4,Male,Single,8726,1,No,9
30,No,Travel_Frequently,1,2,57,3,Female,Single,4011,1,No,12
41,Yes,Travel_Rarely,12,3,58,2,Female,Married,19545,1,No,23
34,No,Non-Travel,23,4,60,2,Male,Single,4568,0,No,10
37,No,Travel_Rarely,19,2,61,2,Male,Married,3022,4,No,8
46,No,Travel_Frequently,5,4,62,1,Male,Single,5772,4,Yes,14
35,No,Travel_Rarely,8,1,63,4,Male,Married,2269,1,No,1
48,Yes,Travel_Rarely,1,2,64,1,Male,Single,5381,9,Yes,23
28,Yes,Travel_Rarely,5,4,65,3,Male,Single,3441,1,Yes,2
44,No,Travel_Rarely,1,5,68,2,Female,Divorced,5454,5,Yes,9
35,No,Non-Travel,11,2,70,3,Male,Married,9884,2,Yes,10
26,No,Travel_Rarely,23,3,72,3,Female,Married,4157,7,Yes,5
33,No,Travel_Frequently,1,2,73,1,Female,Single,13458,1,Yes,15
35,No,Travel_Frequently,18,5,74,2,Male,Married,9069,1,No,9
35,No,Travel_Rarely,23,4,75,3,Female,Married,4014,3,Yes,4
31,No,Travel_Rarely,7,4,76,4,Male,Divorced,5915,3,No,10
37,No,Travel_Rarely,1,4,77,1,Male,Divorced,5993,1,No,7
32,No,Travel_Rarely,1,3,78,1,Male,Married,6162,1,Yes,9
38,No,Travel_Frequently,29,5,79,4,Female,Single,2406,1,No,10
50,No,Travel_Rarely,7,2,80,2,Female,Divorced,18740,5,Yes,29
59,No,Travel_Rarely,25,3,81,1,Female,Single,7637,7,No,28
36,No,Travel_Rarely,8,3,83,3,Female,Divorced,10096,1,No,17
55,No,Travel_Rarely,8,3,84,4,Female,Divorced,14756,2,Yes,21
36,No,Travel_Frequently,11,3,85,2,Male,Single,6499,1,No,6
45,No,Travel_Rarely,7,3,86,2,Male,Divorced,9724,2,No,25
35,No,Travel_Frequently,1,3,88,2,Male,Married,2194,4,No,5
36,Yes,Travel_Rarely,9,3,90,4,Male,Married,3388,0,Yes,2
59,No,Travel_Frequently,1,1,91,1,Female,Single,5473,7,No,20
29,No,Travel_Rarely,2,3,94,3,Male,Married,2703,0,No,6
31,No,Travel_Rarely,1,4,95,3,Male,Single,2501,1,No,1
32,No,Travel_Rarely,1,3,96,2,Male,Married,6220,1,No,10
36,No,Travel_Rarely,6,3,97,2,Female,Married,3038,3,No,5
31,No,Travel_Rarely,8,4,98,3,Female,Single,4424,1,No,11
35,No,Travel_Rarely,1,4,100,3,Male,Single,4312,0,No,16
45,No,Travel_Rarely,6,4,101,4,Male,Married,13245,4,Yes,17
37,No,Travel_Rarely,7,4,102,1,Male,Single,13664,4,No,16
46,No,Travel_Rarely,5,2,103,2,Male,Divorced,5021,8,Yes,16
30,No,Travel_Rarely,1,1,104,4,Male,Married,5126,1,Yes,10
35,No,Travel_Rarely,1,3,105,2,Male,Single,2859,1,No,6
55,No,Travel_Rarely,1,2,106,1,Male,Married,10239,3,No,24
38,No,Non-Travel,6,3,107,2,Female,Divorced,5329,7,Yes,17
34,No,Travel_Rarely,1,2,110,1,Male,Married,4325,1,No,5
56,No,Travel_Rarely,7,3,112,4,Male,Single,7260,4,No,37
23,No,Travel_Rarely,2,1,113,3,Male,Divorced,2322,3,No,3
51,No,Travel_Rarely,9,4,116,4,Male,Married,2075,3,No,10
30,No,Travel_Rarely,2,3,117,3,Male,Married,4152,1,No,11
46,Yes,Travel_Rarely,9,2,118,3,Male,Single,9619,1,No,9
40,No,Travel_Frequently,1,4,119,3,Male,Married,13503,1,No,22
51,No,Travel_Rarely,21,4,120,3,Male,Single,5441,0,Yes,11
30,No,Travel_Rarely,4,2,121,3,Female,Divorced,5209,1,Yes,11
46,No,Travel_Frequently,1,3,124,3,Male,Married,10673,2,Yes,21
32,No,Travel_Rarely,6,4,125,2,Male,Single,5010,1,No,12
54,No,Travel_Rarely,2,4,126,1,Female,Married,13549,9,No,16
24,No,Travel_Rarely,3,2,128,1,Female,Married,4999,0,No,4
28,No,Non-Travel,4,3,129,2,Male,Married,4221,1,No,5
58,No,Travel_Rarely,10,4,131,4,Male,Single,13872,0,No,38
44,No,Non-Travel,23,3,132,2,Male,Married,2042,4,No,17
37,Yes,Travel_Rarely,6,4,133,3,Male,Divorced,2073,4,Yes,7
32,No,Travel_Rarely,1,1,134,4,Male,Single,2956,1,No,1
20,Yes,Travel_Frequently,6,3,137,4,Female,Single,2926,1,Yes,1
34,No,Travel_Rarely,6,4,138,1,Female,Single,4809,1,No,16
37,No,Non-Travel,2,2,139,3,Male,Divorced,5163,5,No,17
59,No,Non-Travel,2,4,140,3,Female,Married,18844,9,No,30
50,No,Travel_Frequently,1,3,141,1,Female,Married,18172,3,Yes,28
25,Yes,Travel_Rarely,5,3,142,3,Male,Single,5744,1,Yes,6
25,No,Travel_Rarely,7,1,143,4,Male,Married,2889,1,No,2
22,No,Travel_Rarely,15,3,144,2,Female,Single,2871,1,No,1
51,No,Travel_Frequently,1,4,145,1,Female,Single,7484,3,No,23
34,Yes,Travel_Frequently,7,3,147,1,Male,Single,6074,1,Yes,9
54,No,Non-Travel,26,3,148,4,Female,Single,17328,2,Yes,23
24,No,Travel_Rarely,18,1,150,2,Male,Married,2774,0,No,6
34,No,Travel_Rarely,6,4,151,3,Female,Divorced,4505,6,No,12
37,No,Travel_Rarely,3,3,152,3,Male,Single,7428,2,No,12
34,No,Travel_Rarely,5,3,153,3,Female,Single,11631,2,No,14
36,No,Travel_Frequently,11,2,154,2,Female,Married,9738,0,No,10
36,No,Travel_Rarely,3,2,155,1,Female,Divorced,2835,5,No,7
43,No,Travel_Frequently,26,2,158,3,Male,Married,16959,1,Yes,25
30,No,Travel_Frequently,23,3,159,1,Male,Divorced,2613,1,No,10
33,No,Non-Travel,22,2,160,3,Male,Married,6146,0,No,8
56,Yes,Travel_Rarely,14,4,161,2,Female,Married,4963,9,Yes,7
51,No,Travel_Rarely,6,3,162,1,Male,Single,19537,7,No,23
31,Yes,Travel_Rarely,6,4,163,2,Male,Married,6172,4,Yes,12
26,No,Travel_Rarely,6,3,164,3,Female,Married,2368,1,No,5
58,Yes,Travel_Rarely,23,4,165,4,Female,Married,10312,1,No,40
19,Yes,Travel_Rarely,22,1,167,4,Male,Single,1675,1,Yes,0
22,No,Travel_Rarely,2,1,169,3,Male,Married,2523,0,No,3
49,No,Travel_Rarely,20,4,170,3,Female,Married,6567,1,No,16
43,No,Travel_Frequently,28,3,171,2,Female,Single,4739,4,No,18
50,No,Travel_Frequently,12,3,174,3,Female,Single,9208,4,No,16
31,Yes,Travel_Rarely,20,3,175,2,Female,Married,4559,3,Yes,4
41,No,Travel_Rarely,9,1,176,3,Male,Divorced,8189,3,Yes,12
26,No,Travel_Rarely,25,1,177,3,Female,Married,2942,1,No,8
36,No,Travel_Rarely,6,2,178,2,Male,Divorced,4941,6,No,7
51,Yes,Travel_Frequently,8,4,179,1,Male,Single,10650,2,No,18
39,No,Travel_Rarely,4,4,182,4,Female,Married,5902,4,No,17
25,No,Travel_Rarely,28,3,183,1,Male,Married,8639,2,No,6
30,No,Travel_Rarely,9,3,184,3,Male,Married,6347,0,Yes,12
32,Yes,Travel_Rarely,9,3,190,1,Female,Single,4200,7,No,10
45,No,Travel_Rarely,29,3,192,3,Male,Single,3452,5,No,9
38,No,Travel_Rarely,3,5,193,4,Female,Single,4317,3,Yes,19
30,No,Travel_Rarely,18,3,194,1,Female,Single,2632,1,No,5
32,No,Travel_Frequently,9,2,195,4,Male,Divorced,4668,0,No,9
30,No,Travel_Rarely,5,3,197,4,Female,Divorced,3204,5,No,8
30,No,Travel_Rarely,2,1,198,2,Male,Single,2720,0,No,6
41,No,Travel_Frequently,10,3,199,4,Male,Divorced,17181,4,No,21
41,No,Travel_Rarely,9,4,200,3,Male,Married,2238,2,No,7
19,No,Travel_Rarely,3,1,201,2,Female,Single,1483,1,No,1
40,No,Travel_Frequently,26,3,202,2,Female,Divorced,5605,1,No,20
35,No,Travel_Rarely,1,5,204,3,Male,Married,7295,1,No,10
53,No,Travel_Rarely,6,2,205,2,Male,Married,2306,2,Yes,13
45,No,Travel_Rarely,9,3,206,2,Male,Divorced,2348,8,No,20
32,No,Travel_Frequently,8,3,207,2,Female,Single,8998,1,No,9
29,No,Non-Travel,1,1,208,4,Male,Married,4319,1,No,10
51,No,Travel_Rarely,7,4,211,2,Male,Married,6132,2,No,10
58,No,Travel_Rarely,9,3,214,2,Female,Married,3346,4,Yes,9
40,No,Travel_Rarely,4,4,215,3,Male,Married,10855,7,No,15
34,No,Travel_Frequently,2,4,216,3,Female,Married,2231,6,No,6
22,No,Travel_Rarely,19,1,217,3,Male,Married,2323,1,No,2
27,No,Non-Travel,9,3,218,4,Male,Divorced,2024,6,No,6
28,No,Travel_Rarely,21,3,221,3,Male,Married,2713,1,No,5
57,No,Travel_Rarely,24,2,223,3,Male,Divorced,9439,3,Yes,12
27,No,Non-Travel,3,3,224,3,Male,Divorced,2566,1,Yes,1
50,No,Travel_Rarely,11,3,226,3,Female,Single,19926,3,No,21
41,No,Travel_Rarely,14,3,227,1,Male,Divorced,2451,4,No,13
30,No,Travel_Rarely,5,3,228,2,Female,Married,9419,2,No,12
38,No,Travel_Rarely,1,4,230,1,Female,Single,8686,4,No,12
32,No,Travel_Rarely,6,5,231,3,Male,Single,3038,3,No,8
27,No,Travel_Rarely,17,3,233,3,Male,Married,3058,0,Yes,6
19,Yes,Travel_Frequently,1,1,235,3,Female,Single,2325,0,No,1
36,No,Travel_Frequently,3,2,238,4,Male,Single,2088,4,No,13
30,No,Non-Travel,9,3,239,3,Male,Divorced,3072,1,No,12
45,No,Travel_Rarely,4,2,240,3,Female,Divorced,5006,4,Yes,9
56,No,Travel_Rarely,8,3,241,3,Female,Divorced,4257,4,Yes,19
33,No,Travel_Rarely,2,3,242,3,Male,Single,2500,0,No,4
19,Yes,Travel_Rarely,2,3,243,2,Male,Single,1102,1,No,1
46,No,Travel_Rarely,1,2,244,2,Female,Divorced,10453,1,No,24
38,No,Travel_Rarely,9,2,245,3,Female,Single,2288,1,No,2
31,No,Travel_Rarely,12,1,246,3,Female,Married,3929,8,Yes,7
34,No,Travel_Rarely,27,2,247,4,Female,Single,2311,2,No,9
41,Yes,Travel_Rarely,20,2,248,2,Female,Single,3140,1,Yes,4
50,No,Travel_Rarely,1,3,249,3,Male,Married,3690,2,No,5
53,No,Travel_Rarely,13,2,250,4,Female,Divorced,4450,1,No,5
33,No,Travel_Rarely,14,3,252,4,Female,Married,2756,1,No,8
40,No,Travel_Rarely,4,1,253,4,Female,Married,19033,1,No,21
55,No,Travel_Rarely,14,4,254,3,Male,Single,18722,8,No,36
34,No,Travel_Frequently,2,1,256,4,Male,Married,9547,1,No,10
51,No,Travel_Rarely,3,3,258,4,Female,Single,13734,3,No,21
52,No,Travel_Rarely,1,4,259,3,Male,Married,19999,0,No,34
27,No,Travel_Rarely,9,3,260,4,Female,Single,2279,1,No,7
35,Yes,Travel_Rarely,23,2,261,2,Male,Married,5916,3,Yes,8
43,No,Non-Travel,7,3,262,4,Male,Divorced,2089,4,No,7
45,No,Non-Travel,2,2,264,1,Male,Married,16792,9,No,22
37,No,Travel_Rarely,21,3,267,2,Male,Married,3564,1,Yes,8
35,No,Travel_Frequently,2,3,269,2,Female,Single,4425,5,No,10
42,No,Non-Travel,21,2,270,3,Female,Divorced,5265,2,No,11
38,No,Travel_Rarely,2,4,271,4,Male,Married,6553,9,No,14
38,No,Travel_Rarely,29,3,273,4,Male,Married,6261,3,No,9
27,No,Travel_Frequently,1,1,274,3,Male,Married,4298,5,No,6
49,No,Non-Travel,18,4,275,4,Male,Divorced,6804,1,Yes,7
34,No,Travel_Frequently,10,4,277,4,Male,Divorced,3815,1,Yes,5
40,No,Travel_Rarely,19,2,281,3,Male,Married,2741,8,Yes,15
38,Yes,Travel_Rarely,29,1,282,2,Male,Married,6673,7,Yes,17
29,Yes,Travel_Rarely,27,3,283,2,Female,Married,7639,1,No,10
22,No,Travel_Rarely,5,3,284,4,Male,Divorced,2328,1,Yes,4
36,No,Travel_Frequently,18,1,286,2,Female,Single,2153,1,No,8
40,No,Non-Travel,9,5,287,4,Male,Married,4876,9,No,5
46,No,Travel_Rarely,1,4,288,4,Male,Divorced,9396,7,No,17
32,Yes,Travel_Rarely,4,4,291,4,Male,Married,10400,1,No,14
30,No,Non-Travel,1,1,292,3,Male,Single,8474,1,No,12
27,No,Travel_Frequently,20,3,293,4,Female,Single,9981,1,No,7
51,No,Travel_Rarely,8,4,296,2,Male,Married,12490,5,No,16
30,Yes,Travel_Rarely,3,3,297,4,Female,Single,2657,5,Yes,8
41,No,Travel_Rarely,6,3,298,4,Female,Single,13591,3,Yes,16
30,Yes,Travel_Frequently,26,4,299,3,Female,Single,6696,5,No,9
29,Yes,Travel_Rarely,1,3,300,3,Male,Single,2058,0,No,7
45,No,Non-Travel,6,3,302,4,Female,Single,8865,6,No,23
54,No,Travel_Rarely,3,3,303,4,Female,Married,5940,2,No,16
36,No,Travel_Rarely,5,2,304,4,Male,Single,5914,8,No,16
33,No,Travel_Rarely,4,4,305,3,Female,Married,2622,6,No,7
37,No,Travel_Frequently,11,3,306,2,Male,Divorced,12185,1,Yes,10
38,No,Travel_Rarely,3,3,307,1,Male,Divorced,10609,0,No,17
31,No,Non-Travel,1,4,308,3,Male,Married,4345,0,No,6
59,No,Travel_Rarely,3,3,309,3,Male,Married,2177,3,No,7
37,No,Travel_Frequently,4,4,311,1,Male,Divorced,2793,4,No,13
29,No,Travel_Frequently,1,1,312,2,Female,Married,7918,1,No,11
35,No,Travel_Frequently,1,3,314,3,Female,Single,8789,1,No,10
29,Yes,Travel_Rarely,18,1,315,3,Male,Single,2389,1,Yes,4
52,No,Travel_Rarely,2,3,316,3,Female,Single,3212,7,No,6
42,No,Travel_Rarely,4,2,319,3,Male,Married,19232,1,No,22
59,No,Travel_Rarely,6,2,321,2,Male,Married,2267,8,No,7
50,No,Travel_Rarely,1,4,323,4,Female,Divorced,19517,3,No,32
33,Yes,Travel_Rarely,14,3,325,3,Male,Married,2436,5,Yes,8
43,No,Travel_Rarely,16,3,327,4,Female,Married,16064,5,Yes,22
33,Yes,Travel_Rarely,2,2,328,1,Female,Married,2707,7,No,13
52,No,Non-Travel,2,4,329,1,Male,Single,19068,1,Yes,33
32,No,Travel_Rarely,4,2,330,3,Female,Married,3931,2,No,6
32,Yes,Travel_Rarely,1,3,331,4,Male,Single,3730,0,Yes,4
39,No,Travel_Rarely,1,4,332,3,Female,Divorced,2232,7,No,7
32,No,Non-Travel,26,4,333,3,Male,Married,4465,0,No,4
41,No,Travel_Rarely,19,2,334,3,Male,Divorced,3072,2,No,17
40,No,Travel_Rarely,24,2,335,1,Male,Divorced,3319,1,No,9
45,No,Travel_Rarely,1,3,336,3,Male,Married,19202,0,No,25
31,No,Travel_Frequently,3,4,337,2,Male,Divorced,13675,9,No,9
33,No,Travel_Rarely,5,4,338,3,Female,Married,2911,1,No,2
34,No,Travel_Rarely,2,4,339,4,Male,Married,5957,6,No,13
37,No,Travel_Rarely,1,2,340,3,Female,Married,3920,2,No,17
45,No,Travel_Frequently,7,4,341,1,Male,Married,6434,4,No,9
37,Yes,Travel_Frequently,10,3,342,1,Male,Divorced,10048,6,No,17
39,No,Travel_Frequently,2,4,343,3,Female,Single,10938,0,No,20
29,No,Travel_Rarely,15,3,346,3,Male,Single,2340,1,No,6
42,No,Travel_Rarely,17,2,347,4,Female,Single,6545,3,Yes,10
29,No,Travel_Rarely,20,2,349,4,Male,Divorced,6931,2,No,10
25,No,Travel_Rarely,1,3,350,1,Female,Married,4898,0,No,5
42,No,Travel_Rarely,2,3,351,4,Female,Divorced,2593,0,Yes,10
40,No,Travel_Rarely,2,2,352,1,Male,Divorced,19436,0,No,22
51,No,Travel_Rarely,1,3,353,3,Male,Married,2723,1,No,1
31,Yes,Travel_Frequently,29,2,355,3,Male,Single,3479,0,No,6
32,No,Travel_Frequently,7,3,359,2,Male,Married,2794,1,No,5
38,No,Non-Travel,2,2,361,4,Male,Married,5249,3,No,13
32,No,Travel_Rarely,2,1,362,4,Male,Single,2176,4,No,9
46,No,Travel_Rarely,2,3,363,3,Female,Married,16872,3,Yes,28
28,Yes,Travel_Rarely,2,4,364,1,Male,Single,3485,2,No,5
29,No,Travel_Rarely,2,3,366,1,Male,Married,6644,2,No,10
31,No,Travel_Rarely,23,3,367,2,Male,Married,5582,0,No,10
25,No,Non-Travel,5,2,369,2,Male,Divorced,4000,1,No,6
45,No,Travel_Rarely,20,2,372,3,Male,Married,13496,0,Yes,21
36,No,Travel_Rarely,6,3,373,4,Male,Married,3210,0,No,16
55,No,Travel_Rarely,1,3,374,4,Male,Single,19045,0,Yes,37
47,Yes,Non-Travel,29,4,376,1,Male,Married,11849,1,Yes,10
28,No,Travel_Rarely,9,3,377,4,Male,Married,2070,1,No,5
37,No,Travel_Rarely,6,4,378,3,Male,Married,6502,4,No,7
21,No,Travel_Rarely,3,2,379,4,Male,Single,3230,1,No,3
37,No,Non-Travel,1,4,380,1,Female,Divorced,13603,2,Yes,15
35,No,Travel_Rarely,22,3,381,2,Female,Divorced,11996,7,No,10
38,No,Travel_Rarely,7,2,382,1,Female,Divorced,5605,1,Yes,8
26,No,Travel_Frequently,1,3,384,3,Female,Divorced,6397,1,No,6
50,No,Travel_Rarely,4,1,385,1,Male,Divorced,19144,3,No,28
53,No,Travel_Rarely,3,4,386,3,Male,Married,17584,3,Yes,21
42,No,Travel_Rarely,1,1,387,2,Male,Married,4907,1,No,20
29,No,Travel_Frequently,2,2,388,2,Male,Single,4554,1,No,10
55,No,Travel_Rarely,20,2,389,2,Male,Married,5415,3,Yes,12
26,No,Travel_Frequently,11,2,390,1,Male,Married,4741,1,Yes,5
37,No,Travel_Rarely,1,3,391,4,Female,Single,2115,1,No,17
44,Yes,Travel_Frequently,24,3,392,4,Male,Divorced,3161,3,Yes,19
38,No,Travel_Rarely,23,4,393,4,Male,Divorced,5745,9,No,10
26,Yes,Travel_Rarely,16,4,394,1,Male,Divorced,2373,2,Yes,5
28,No,Travel_Rarely,8,2,395,4,Female,Single,3310,1,No,5
49,No,Travel_Frequently,10,4,396,3,Female,Single,18665,9,Yes,22
36,No,Travel_Rarely,3,3,397,3,Male,Single,4485,4,No,10
31,No,Travel_Frequently,5,3,399,4,Female,Divorced,2789,1,No,2
26,Yes,Travel_Rarely,4,4,401,4,Male,Single,5828,1,Yes,8
37,No,Travel_Frequently,9,3,403,2,Male,Married,2326,1,Yes,4
42,No,Travel_Frequently,26,3,404,3,Female,Married,13525,5,No,23
18,Yes,Travel_Rarely,3,3,405,3,Male,Single,1420,1,No,0
35,No,Travel_Rarely,16,3,406,3,Male,Married,8020,0,No,12
36,No,Travel_Frequently,18,4,407,3,Male,Married,3688,4,No,4
51,No,Travel_Rarely,2,3,408,4,Male,Divorced,5482,5,No,13
41,No,Travel_Rarely,2,4,410,4,Male,Single,16015,1,No,22
18,No,Travel_Rarely,10,3,411,4,Female,Single,1200,1,No,0
28,No,Travel_Rarely,16,2,412,2,Male,Single,5661,0,No,9
31,No,Travel_Rarely,7,3,416,2,Male,Married,6929,4,No,10
39,No,Travel_Rarely,1,3,417,3,Male,Divorced,9613,0,No,19
36,No,Non-Travel,24,4,419,2,Female,Married,5674,7,No,11
32,No,Travel_Rarely,7,3,420,4,Male,Married,5484,1,No,13
38,No,Travel_Rarely,25,2,421,1,Female,Married,12061,3,No,19
58,No,Non-Travel,1,4,422,4,Male,Divorced,5660,2,Yes,12
31,No,Travel_Rarely,5,4,423,3,Male,Married,4821,0,Yes,6
31,No,Travel_Rarely,2,3,424,1,Male,Married,6410,3,No,9
45,No,Travel_Frequently,7,3,425,1,Male,Divorced,5210,1,No,24
31,No,Travel_Rarely,2,4,426,3,Male,Divorced,2695,0,Yes,3
33,No,Travel_Frequently,5,4,428,4,Female,Married,11878,6,No,12
39,No,Travel_Rarely,10,1,429,3,Male,Married,17068,1,Yes,21
43,No,Travel_Frequently,10,4,430,3,Female,Single,2455,0,No,9
49,No,Travel_Rarely,1,2,431,3,Female,Single,13964,7,Yes,25
52,Yes,Travel_Rarely,8,4,433,3,Male,Married,4941,2,No,11
27,No,Travel_Rarely,5,3,434,3,Female,Single,2478,1,Yes,4
32,No,Travel_Rarely,8,2,436,3,Female,Married,5228,1,Yes,13
27,No,Travel_Rarely,2,3,437,4,Male,Single,4478,1,Yes,5
31,No,Travel_Rarely,7,3,438,4,Male,Divorced,7547,4,No,13
32,No,Travel_Rarely,2,4,439,1,Female,Single,5055,7,No,10
28,Yes,Travel_Rarely,2,4,440,1,Male,Married,3464,5,Yes,5
30,No,Travel_Rarely,28,2,441,4,Female,Married,5775,1,No,11
31,No,Travel_Frequently,7,2,442,3,Female,Married,8943,1,No,10
39,No,Travel_Frequently,7,2,444,3,Male,Married,19272,1,No,21
39,Yes,Travel_Rarely,3,2,445,4,Female,Married,5238,4,Yes,12
33,No,Travel_Frequently,10,3,446,2,Male,Single,4682,3,No,9
47,No,Travel_Rarely,5,5,447,4,Male,Married,18300,4,No,21
43,No,Travel_Frequently,10,4,448,3,Female,Divorced,5257,1,No,9
27,No,Non-Travel,1,1,449,3,Male,Married,6349,0,Yes,6
54,No,Travel_Frequently,20,4,450,4,Female,Single,4869,3,No,20
43,No,Travel_Rarely,7,3,451,3,Female,Married,9985,8,No,10
45,No,Travel_Rarely,8,4,452,4,Male,Married,3697,9,No,12
40,No,Travel_Rarely,1,2,453,2,Male,Married,7457,2,Yes,6
29,Yes,Travel_Rarely,8,4,454,2,Male,Married,2119,1,Yes,7
29,No,Travel_Rarely,9,5,455,2,Male,Single,3983,0,No,4
30,No,Travel_Rarely,5,3,456,4,Female,Divorced,6118,1,No,10
27,No,Travel_Rarely,8,4,458,2,Female,Married,6214,1,No,8
37,No,Travel_Rarely,5,2,460,4,Male,Divorced,6347,7,No,8
38,No,Travel_Rarely,15,2,461,3,Male,Divorced,11510,0,Yes,12
31,No,Travel_Rarely,7,4,462,3,Female,Single,7143,1,Yes,11
29,No,Travel_Rarely,10,1,463,4,Female,Divorced,8268,1,Yes,7
35,No,Travel_Rarely,5,4,464,3,Male,Single,8095,0,No,17
23,No,Travel_Rarely,26,1,465,3,Male,Divorced,2904,1,No,4
41,No,Travel_Rarely,6,3,466,4,Male,Single,6032,6,Yes,8
47,No,Travel_Frequently,4,1,467,2,Male,Single,2976,3,No,5
42,No,Travel_Rarely,23,5,468,1,Female,Single,15992,2,No,16
29,No,Non-Travel,2,3,469,4,Male,Married,4649,1,No,4
42,No,Travel_Rarely,2,1,470,3,Male,Divorced,2696,0,Yes,4
32,No,Travel_Rarely,2,3,471,3,Female,Married,2370,1,No,8
48,No,Travel_Rarely,29,1,473,1,Female,Married,12504,3,No,15
37,No,Travel_Rarely,6,3,474,3,Male,Divorced,5974,4,Yes,13
30,No,Non-Travel,25,2,475,4,Female,Married,4736,7,Yes,4
26,No,Travel_Rarely,1,3,476,3,Male,Married,5296,1,No,8
42,No,Travel_Rarely,2,4,477,1,Male,Single,6781,3,No,14
21,Yes,Travel_Frequently,1,1,478,1,Female,Single,2174,1,Yes,3
36,No,Non-Travel,1,5,479,4,Female,Single,6653,4,No,7
36,No,Travel_Frequently,3,4,481,1,Male,Married,9699,4,No,16
57,No,Travel_Rarely,1,4,482,4,Male,Married,6755,2,No,15
40,No,Travel_Rarely,10,4,483,4,Female,Married,2213,3,Yes,10
21,No,Non-Travel,9,2,484,1,Male,Single,2610,1,No,3
33,Yes,Travel_Rarely,5,3,485,4,Female,Single,2851,1,Yes,1
37,No,Travel_Rarely,10,3,486,3,Female,Married,3452,6,No,17
46,No,Non-Travel,7,4,487,3,Female,Married,5258,2,No,7
41,Yes,Travel_Frequently,4,3,488,1,Male,Single,9355,1,No,8
50,No,Travel_Rarely,10,3,491,4,Male,Single,10496,6,No,20
40,Yes,Travel_Rarely,22,2,492,3,Male,Married,6380,2,Yes,8
31,No,Travel_Rarely,9,4,493,3,Male,Single,2657,0,Yes,3
21,Yes,Travel_Rarely,12,3,494,3,Female,Single,2716,1,No,1
29,No,Travel_Rarely,23,3,495,4,Male,Single,2201,9,No,6
35,No,Travel_Rarely,9,4,496,3,Male,Single,6540,9,No,10
27,No,Travel_Rarely,1,2,497,4,Male,Divorced,3816,1,No,5
28,No,Travel_Rarely,9,4,498,2,Male,Single,5253,1,No,7
49,No,Travel_Rarely,7,3,499,2,Male,Single,10965,8,No,26
51,No,Travel_Rarely,14,2,500,3,Female,Married,4936,4,No,18
36,No,Travel_Rarely,2,3,501,4,Female,Married,2543,4,No,6
34,Yes,Non-Travel,19,3,502,1,Male,Single,5304,8,Yes,9
55,No,Travel_Rarely,2,3,505,3,Female,Single,16659,2,Yes,30
24,No,Travel_Rarely,10,4,507,4,Female,Divorced,4260,1,Yes,5
30,No,Travel_Rarely,2,1,508,3,Male,Married,2476,1,No,1
26,Yes,Travel_Frequently,3,1,510,3,Male,Single,3102,0,No,7
22,No,Travel_Rarely,11,3,511,1,Female,Married,2244,1,No,2
36,No,Travel_Rarely,2,2,513,2,Male,Married,7596,1,No,10
30,Yes,Travel_Frequently,4,3,514,3,Male,Single,2285,9,Yes,3
37,No,Travel_Rarely,14,3,515,4,Female,Divorced,3034,1,No,18
40,No,Travel_Rarely,2,2,516,4,Female,Divorced,5715,7,No,8
42,No,Travel_Rarely,1,4,517,2,Female,Divorced,2576,3,No,8
37,No,Travel_Rarely,10,4,518,3,Male,Single,4197,2,Yes,18
43,No,Travel_Rarely,12,3,520,1,Male,Divorced,14336,1,No,25
40,No,Travel_Rarely,2,3,521,2,Female,Married,3448,6,No,20
54,No,Travel_Rarely,5,2,522,1,Male,Married,19406,4,No,24
34,No,Non-Travel,4,4,523,3,Female,Married,6538,9,No,6
31,No,Travel_Rarely,7,2,524,2,Female,Married,4306,1,No,13
43,No,Travel_Frequently,21,3,525,4,Male,Married,2258,7,No,8
43,No,Travel_Rarely,8,4,526,3,Female,Divorced,4522,4,Yes,8
25,No,Travel_Rarely,4,2,527,2,Female,Single,4487,1,Yes,5
37,No,Non-Travel,25,5,529,2,Female,Married,4449,3,Yes,15
31,No,Travel_Rarely,1,2,530,4,Male,Married,2218,1,No,4
39,No,Travel_Frequently,1,1,531,2,Male,Divorced,19197,1,Yes,21
56,No,Travel_Frequently,6,3,532,3,Female,Married,13212,9,No,36
30,No,Travel_Rarely,12,3,533,2,Female,Single,6577,0,No,6
41,No,Travel_Rarely,1,3,534,2,Male,Married,8392,1,No,10
28,No,Travel_Rarely,17,2,536,3,Male,Divorced,4558,1,No,10
25,Yes,Travel_Rarely,3,3,538,1,Male,Married,4031,5,No,6
52,No,Travel_Rarely,3,3,543,4,Male,Married,7969,2,Yes,28
45,No,Travel_Rarely,10,2,544,1,Male,Married,2654,3,No,8
52,No,Travel_Rarely,4,2,546,4,Female,Married,16555,2,No,31
42,No,Travel_Frequently,29,2,547,1,Female,Divorced,4556,2,No,19
30,No,Travel_Rarely,2,3,548,3,Female,Single,6091,2,No,11
60,No,Travel_Rarely,7,3,549,1,Female,Married,19566,5,No,33
46,No,Travel_Rarely,18,3,550,3,Female,Divorced,4810,2,No,19
42,No,Travel_Frequently,28,4,551,4,Female,Married,4523,0,No,7
24,Yes,Travel_Rarely,1,1,554,1,Female,Single,3202,1,Yes,6
34,Yes,Travel_Frequently,6,2,555,4,Female,Divorced,2351,0,No,3
38,No,Travel_Frequently,2,2,556,4,Male,Married,1702,1,Yes,1
40,No,Travel_Rarely,2,4,558,3,Female,Married,18041,0,No,21
26,No,Travel_Rarely,23,3,560,1,Female,Divorced,2886,1,No,3
30,No,Non-Travel,3,3,562,3,Male,Married,2097,4,No,9
29,No,Travel_Rarely,3,4,564,2,Male,Married,11935,1,No,10
29,Yes,Travel_Rarely,25,5,565,3,Female,Married,2546,5,No,6
19,Yes,Travel_Rarely,2,2,566,1,Male,Single,2564,1,No,1
30,No,Non-Travel,22,4,567,3,Female,Married,8412,0,No,10
57,No,Travel_Rarely,29,3,568,1,Male,Divorced,14118,3,No,32
50,No,Travel_Rarely,29,4,569,2,Male,Married,17046,0,No,28
30,No,Non-Travel,2,3,571,3,Female,Single,2564,0,No,12
60,No,Travel_Frequently,28,3,573,3,Female,Married,10266,4,No,22
47,No,Travel_Rarely,2,2,574,1,Female,Divorced,5070,5,No,20
46,No,Travel_Rarely,2,3,575,1,Male,Married,17861,6,No,26
35,No,Travel_Rarely,22,3,577,4,Male,Single,4230,0,No,6
54,No,Travel_Rarely,8,4,578,3,Female,Single,3780,7,No,19
34,No,Travel_Rarely,2,4,579,4,Male,Divorced,2768,3,No,14
46,No,Travel_Rarely,10,3,580,3,Female,Married,9071,2,Yes,15
31,No,Travel_Rarely,9,1,581,3,Male,Divorced,10648,1,No,13
33,Yes,Travel_Rarely,15,1,582,2,Male,Married,13610,7,Yes,15
33,Yes,Travel_Rarely,10,1,584,1,Male,Divorced,3408,7,No,8
30,No,Travel_Rarely,7,1,585,4,Male,Single,2983,0,No,4
35,No,Travel_Rarely,16,3,586,4,Male,Married,7632,4,Yes,10
31,Yes,Travel_Frequently,20,3,587,1,Male,Married,9824,3,No,12
34,Yes,Travel_Frequently,23,3,590,2,Female,Divorced,9950,9,Yes,11
42,No,Travel_Frequently,5,2,591,2,Male,Married,2093,4,No,8
36,No,Non-Travel,10,4,592,2,Male,Single,9980,1,No,10
22,Yes,Travel_Frequently,4,1,593,3,Male,Single,3894,5,No,4
48,No,Travel_Rarely,2,5,595,2,Female,Married,4051,2,No,14
55,No,Travel_Rarely,18,5,597,1,Female,Single,16835,3,No,37
41,No,Non-Travel,10,2,599,4,Male,Single,6230,7,No,16
35,No,Travel_Rarely,1,3,600,2,Male,Married,4717,9,No,15
40,No,Travel_Rarely,6,3,601,2,Female,Single,13237,7,No,22
39,No,Travel_Frequently,8,1,602,3,Female,Married,3755,1,No,8
31,No,Travel_Rarely,2,1,604,2,Male,Single,6582,4,Yes,10
42,No,Travel_Rarely,24,3,605,4,Male,Married,7406,1,Yes,10
45,No,Travel_Rarely,2,3,606,4,Male,Married,4805,0,No,9
26,Yes,Travel_Frequently,17,4,608,2,Female,Divorced,2741,0,Yes,8
29,No,Travel_Rarely,19,3,611,4,Male,Divorced,4262,4,No,8
33,No,Travel_Rarely,1,5,612,1,Female,Divorced,16184,4,No,10
31,No,Travel_Rarely,7,3,613,3,Male,Divorced,11557,9,No,10
18,Yes,Travel_Frequently,5,3,614,2,Male,Single,1878,1,Yes,0
40,No,Non-Travel,28,3,615,3,Male,Divorced,10932,3,No,20
41,No,Non-Travel,2,4,616,1,Female,Single,6811,2,Yes,10
26,No,Travel_Rarely,29,2,618,1,Male,Divorced,4306,5,No,8
35,No,Travel_Rarely,1,3,620,1,Female,Single,4859,1,No,5
34,No,Travel_Rarely,21,4,621,4,Male,Single,5337,1,No,10
26,Yes,Travel_Rarely,24,3,622,3,Male,Single,2340,1,Yes,1
37,No,Travel_Rarely,1,3,623,2,Female,Single,7491,4,No,12
46,No,Travel_Frequently,18,1,624,1,Female,Married,10527,5,No,28
41,No,Travel_Rarely,2,5,625,2,Female,Married,16595,7,No,22
37,No,Non-Travel,9,4,626,1,Male,Divorced,8834,1,No,9
52,No,Travel_Rarely,6,2,630,4,Male,Divorced,5577,3,Yes,18
32,Yes,Non-Travel,11,4,631,4,Male,Married,4707,8,No,6
24,No,Travel_Frequently,24,3,632,4,Male,Married,2400,0,No,3
38,No,Travel_Rarely,10,3,634,3,Female,Married,9824,3,No,18
37,No,Travel_Rarely,1,4,635,2,Female,Married,6447,6,No,8
49,No,Travel_Rarely,18,4,638,4,Male,Divorced,19502,1,Yes,31
24,No,Travel_Rarely,23,3,639,2,Male,Married,2725,1,Yes,6
26,No,Travel_Rarely,28,2,641,1,Male,Married,6272,1,No,6
24,No,Travel_Rarely,17,2,643,4,Male,Married,2127,1,No,1
50,No,Travel_Frequently,3,3,644,1,Male,Married,18200,1,No,32
25,No,Travel_Rarely,13,1,645,2,Male,Married,2096,1,No,7
24,Yes,Travel_Frequently,7,3,647,1,Female,Married,2886,1,Yes,6
30,Yes,Travel_Frequently,12,4,648,2,Male,Married,2033,1,No,1
34,No,Travel_Rarely,1,2,649,2,Male,Married,3622,1,Yes,6
31,Yes,Travel_Rarely,13,4,650,2,Male,Divorced,4233,2,No,9
35,No,Travel_Rarely,25,2,652,1,Male,Single,3681,4,No,9
31,No,Travel_Rarely,6,4,653,1,Male,Divorced,5460,4,No,13
27,No,Travel_Rarely,6,4,655,1,Female,Divorced,2187,0,No,6
37,No,Travel_Rarely,2,3,656,4,Male,Married,9602,4,Yes,17
20,No,Travel_Rarely,1,3,657,4,Female,Single,2836,1,No,1
42,No,Travel_Rarely,2,4,659,3,Female,Married,4089,1,No,10
43,No,Travel_Rarely,6,4,661,2,Male,Divorced,16627,4,Yes,21
38,No,Travel_Rarely,1,1,662,3,Female,Single,2619,3,No,8
43,No,Travel_Frequently,9,5,663,4,Male,Divorced,5679,3,Yes,10
48,No,Travel_Rarely,1,4,664,4,Female,Married,15402,7,No,21
44,No,Travel_Rarely,1,4,665,1,Female,Single,5985,4,No,10
34,No,Travel_Rarely,14,3,666,3,Female,Divorced,2579,1,Yes,8
27,Yes,Travel_Rarely,2,1,667,3,Male,Divorced,3041,0,No,5
21,No,Travel_Rarely,22,1,669,3,Male,Single,3447,1,No,3
44,No,Travel_Rarely,3,4,671,4,Male,Married,19513,4,Yes,26
22,No,Travel_Rarely,6,1,675,1,Male,Married,2773,0,No,3
33,No,Travel_Rarely,8,4,677,3,Male,Divorced,7104,0,No,6
32,No,Travel_Rarely,9,4,679,1,Female,Married,6322,1,Yes,6
30,No,Travel_Frequently,3,3,680,3,Female,Divorced,2083,1,No,1
53,No,Travel_Rarely,1,1,682,4,Female,Single,8381,7,No,18
34,No,Travel_Rarely,1,5,683,2,Male,Married,2691,1,No,10
45,Yes,Travel_Frequently,26,4,684,1,Female,Married,4286,2,No,5
26,No,Travel_Rarely,6,3,686,3,Female,Married,2659,1,Yes,3
37,No,Travel_Rarely,3,3,689,3,Male,Married,9434,1,No,10
29,No,Travel_Rarely,3,2,690,2,Female,Married,5561,1,No,6
35,No,Travel_Rarely,6,4,691,2,Male,Single,6646,1,No,17
33,No,Travel_Frequently,6,3,692,3,Male,Divorced,7725,3,No,15
54,No,Travel_Rarely,19,4,698,3,Male,Married,10725,2,No,16
36,No,Travel_Rarely,9,2,699,2,Male,Divorced,8847,2,Yes,13
27,No,Travel_Rarely,3,4,700,1,Male,Single,2045,0,No,5
20,Yes,Travel_Rarely,10,1,701,4,Male,Single,1009,1,Yes,1
33,Yes,Travel_Frequently,3,3,702,1,Male,Single,3348,1,Yes,10
35,No,Non-Travel,3,3,704,3,Male,Married,1281,1,No,1
23,No,Travel_Rarely,4,3,705,1,Male,Married,2819,2,No,5
25,No,Travel_Rarely,8,3,707,4,Male,Married,4851,0,No,4
38,No,Travel_Rarely,7,4,709,4,Female,Single,4028,0,No,8
29,No,Travel_Frequently,1,4,710,2,Male,Divorced,2720,1,No,10
48,No,Travel_Rarely,2,1,712,2,Male,Married,8120,3,No,12
27,No,Travel_Frequently,3,1,714,4,Female,Divorced,4647,1,Yes,6
37,No,Travel_Rarely,10,2,715,4,Male,Single,4680,3,No,4
50,No,Travel_Rarely,28,1,716,4,Male,Married,3221,1,Yes,20
34,No,Travel_Rarely,9,3,717,4,Female,Single,8621,1,No,9
24,Yes,Travel_Rarely,3,2,720,1,Female,Single,4577,9,No,4
39,No,Travel_Rarely,2,4,721,4,Female,Single,4553,1,No,20
32,No,Travel_Rarely,10,3,722,4,Male,Single,5396,1,No,10
50,Yes,Travel_Frequently,8,2,723,2,Male,Married,6796,3,Yes,18
38,No,Travel_Rarely,1,4,724,2,Female,Single,7625,0,No,10
27,No,Travel_Rarely,1,2,725,3,Female,Married,7412,1,No,9
32,No,Travel_Rarely,3,2,727,3,Female,Single,11159,3,No,10
47,No,Travel_Rarely,14,4,728,4,Male,Single,4960,2,No,20
40,No,Travel_Frequently,5,4,729,4,Male,Married,10475,5,Yes,20
53,No,Travel_Rarely,7,3,730,3,Male,Married,14814,3,No,32
41,No,Travel_Rarely,10,4,731,2,Male,Divorced,19141,3,No,23
60,No,Travel_Rarely,16,4,732,1,Male,Single,5405,8,No,10
27,No,Travel_Frequently,10,2,733,4,Male,Divorced,8793,1,No,9
41,No,Travel_Rarely,1,3,734,4,Male,Married,19189,1,No,22
50,No,Travel_Rarely,8,4,738,4,Male,Married,3875,7,No,4
28,Yes,Travel_Rarely,1,2,741,1,Female,Single,2216,7,Yes,10
36,No,Non-Travel,8,3,742,1,Female,Married,11713,9,No,10
38,No,Travel_Rarely,1,3,743,3,Female,Single,7861,4,Yes,10
44,No,Non-Travel,24,3,744,1,Male,Single,3708,2,No,9
47,No,Travel_Frequently,3,3,746,4,Female,Divorced,13770,9,Yes,28
30,No,Travel_Rarely,27,5,747,3,Male,Divorced,5304,7,No,10
29,No,Travel_Rarely,10,3,749,3,Male,Single,2642,1,No,1
42,Yes,Travel_Frequently,19,3,752,3,Male,Divorced,2759,6,Yes,7
43,No,Travel_Frequently,15,3,754,4,Male,Married,6804,3,No,7
34,No,Travel_Rarely,8,2,757,2,Female,Single,6142,3,No,10
23,No,Travel_Rarely,9,1,758,2,Male,Married,2500,1,No,5
39,No,Travel_Rarely,3,3,760,3,Female,Married,6389,9,No,12
56,No,Travel_Rarely,9,3,762,3,Male,Married,11103,7,No,30
40,No,Travel_Rarely,2,1,763,4,Female,Single,2342,0,Yes,5
27,No,Travel_Rarely,7,3,764,4,Female,Single,6811,8,No,9
29,No,Travel_Rarely,10,3,766,4,Male,Divorced,2297,1,No,2
53,No,Travel_Rarely,6,3,769,4,Male,Single,2450,2,No,19
35,No,Non-Travel,2,4,771,4,Female,Divorced,5093,2,No,16
32,No,Travel_Frequently,24,4,772,1,Male,Married,5309,1,No,10
38,No,Travel_Rarely,2,5,773,4,Male,Married,3057,6,Yes,6
34,No,Travel_Rarely,8,5,775,2,Female,Divorced,5121,3,No,7
52,No,Travel_Rarely,3,4,776,3,Male,Married,16856,1,No,34
33,Yes,Travel_Rarely,1,4,780,4,Male,Single,2686,1,Yes,10
25,No,Travel_Rarely,26,1,781,3,Female,Single,6180,1,No,6
45,No,Travel_Rarely,2,2,783,2,Male,Single,6632,0,No,9
23,No,Travel_Rarely,10,1,784,1,Male,Single,3505,1,No,2
47,Yes,Travel_Frequently,27,2,785,2,Female,Single,6397,4,Yes,8
34,No,Travel_Rarely,2,3,786,4,Male,Single,6274,1,No,6
55,Yes,Travel_Rarely,2,3,787,4,Male,Married,19859,5,Yes,24
36,No,Non-Travel,8,4,789,1,Male,Single,7587,1,No,10
52,No,Non-Travel,19,4,791,4,Male,Married,4258,0,No,5
26,No,Travel_Frequently,1,2,792,1,Female,Divorced,4364,3,No,5
29,No,Travel_Rarely,27,3,793,2,Female,Married,4335,4,No,11
26,Yes,Travel_Rarely,8,3,796,4,Male,Single,5326,6,No,6
34,No,Travel_Rarely,1,4,797,2,Female,Single,3280,2,No,10
54,No,Travel_Rarely,19,4,799,4,Female,Divorced,5485,9,Yes,9
27,No,Travel_Frequently,8,1,800,3,Male,Married,4342,0,No,5
37,No,Travel_Rarely,10,1,802,4,Female,Divorced,2782,0,Yes,6
38,No,Travel_Frequently,2,4,803,1,Female,Single,5980,6,Yes,17
34,No,Travel_Rarely,2,4,804,3,Female,Single,4381,1,No,6
35,No,Travel_Rarely,8,4,805,1,Female,Married,2572,1,No,3
30,No,Travel_Rarely,1,3,806,4,Male,Married,3833,3,No,7
40,No,Travel_Frequently,2,2,807,3,Female,Married,4244,1,No,8
34,No,Travel_Rarely,8,2,808,3,Female,Married,6500,5,No,6
42,No,Travel_Frequently,8,3,809,2,Male,Divorced,18430,1,No,24
23,Yes,Travel_Rarely,6,3,811,3,Male,Married,1601,1,Yes,1
24,No,Non-Travel,9,3,812,3,Male,Divorced,2694,1,No,1
52,No,Travel_Rarely,11,4,813,4,Female,Married,3149,8,No,9
50,No,Travel_Rarely,2,3,815,3,Male,Married,17639,5,No,30
29,Yes,Travel_Rarely,1,2,816,2,Female,Married,2319,1,Yes,1
33,No,Travel_Rarely,7,3,817,3,Male,Married,11691,0,No,14
33,Yes,Travel_Rarely,16,3,819,1,Female,Single,5324,5,No,6
47,No,Travel_Rarely,2,2,820,3,Female,Married,16752,1,Yes,26
36,No,Travel_Rarely,1,3,823,3,Female,Married,5228,0,No,10
29,No,Travel_Rarely,23,2,824,3,Male,Married,2700,1,No,10
58,Yes,Travel_Rarely,2,4,825,4,Male,Single,19246,7,Yes,40
35,No,Travel_Rarely,1,4,826,4,Female,Single,2506,3,No,7
42,No,Travel_Rarely,1,2,827,4,Female,Married,6062,9,Yes,8
28,Yes,Travel_Rarely,2,4,828,3,Male,Single,4382,6,No,5
36,No,Travel_Rarely,13,3,829,3,Male,Married,2143,4,No,8
32,No,Travel_Rarely,4,3,830,3,Female,Married,6162,1,No,14
40,No,Travel_Frequently,16,4,832,1,Male,Single,5094,6,No,10
30,No,Travel_Rarely,2,3,833,3,Female,Single,6877,5,Yes,12
45,No,Travel_Rarely,2,3,834,2,Female,Single,2274,1,No,1
42,No,Travel_Rarely,29,3,836,2,Male,Married,4434,1,No,10
38,No,Travel_Frequently,12,3,837,1,Male,Divorced,6288,2,No,13
34,No,Travel_Frequently,16,4,838,3,Female,Single,2553,1,No,6
49,Yes,Travel_Rarely,11,3,840,3,Female,Married,7654,1,No,9
55,Yes,Travel_Rarely,2,1,842,3,Male,Single,5160,4,No,12
43,No,Travel_Rarely,14,2,843,2,Male,Married,17159,6,No,22
27,No,Travel_Rarely,5,1,844,3,Male,Divorced,12808,1,Yes,9
35,No,Travel_Rarely,7,3,845,3,Male,Single,10221,3,No,17
28,No,Travel_Rarely,2,4,846,2,Female,Married,4779,1,Yes,8
34,No,Travel_Rarely,3,2,847,3,Male,Married,3737,0,No,4
26,Yes,Travel_Frequently,5,2,848,3,Female,Married,2366,1,Yes,8
27,No,Non-Travel,3,3,850,4,Male,Married,1706,1,No,0
51,No,Travel_Rarely,26,4,851,1,Female,Married,16307,2,No,29
44,No,Travel_Rarely,4,3,852,4,Male,Single,5933,9,No,10
25,No,Travel_Rarely,2,1,854,1,Male,Single,3424,7,No,6
33,No,Travel_Rarely,1,3,855,1,Male,Divorced,4037,1,No,9
35,No,Travel_Rarely,27,1,856,3,Female,Single,2559,1,No,6
36,No,Travel_Rarely,1,2,857,2,Male,Married,6201,1,Yes,18
32,No,Travel_Rarely,13,4,859,2,Male,Divorced,4403,2,No,8
30,No,Travel_Frequently,5,4,861,2,Male,Divorced,3761,9,No,10
53,No,Travel_Rarely,7,2,862,1,Female,Married,10934,7,Yes,35
45,No,Travel_Rarely,9,3,864,4,Male,Divorced,10761,4,Yes,18
32,No,Travel_Rarely,8,2,865,3,Female,Married,5175,5,No,9
52,No,Travel_Frequently,25,4,867,3,Female,Married,13826,3,No,31
37,No,Travel_Rarely,16,4,868,4,Male,Divorced,6334,4,No,9
28,No,Travel_Rarely,8,2,869,2,Male,Divorced,4936,1,No,6
22,No,Travel_Rarely,1,2,872,4,Male,Married,4775,6,No,4
44,No,Travel_Rarely,8,4,874,1,Male,Married,2818,2,Yes,10
42,No,Travel_Frequently,2,1,875,2,Male,Single,2515,5,Yes,8
36,No,Travel_Rarely,8,3,878,1,Male,Married,2342,0,No,6
25,No,Travel_Rarely,3,1,879,3,Male,Married,4194,1,Yes,5
35,No,Travel_Rarely,9,3,880,4,Female,Married,10685,1,Yes,17
35,Yes,Travel_Frequently,25,4,881,4,Female,Divorced,2022,1,Yes,10
32,No,Non-Travel,1,3,882,4,Male,Divorced,2314,0,No,4
25,No,Travel_Rarely,4,1,885,3,Male,Married,4256,1,No,5
49,No,Travel_Rarely,1,3,887,3,Female,Married,3580,2,No,7
24,No,Non-Travel,4,1,888,1,Male,Married,3162,0,No,6
32,No,Travel_Frequently,5,2,889,2,Male,Married,6524,1,No,10
38,No,Travel_Rarely,9,3,893,2,Male,Married,2899,0,No,3
42,No,Travel_Rarely,3,3,894,3,Female,Married,5231,2,Yes,17
31,No,Travel_Rarely,11,4,895,4,Male,Married,2356,3,Yes,8
29,Yes,Travel_Rarely,1,3,896,2,Female,Divorced,2800,6,Yes,5
53,No,Travel_Rarely,8,3,897,1,Male,Married,11836,5,No,28
35,No,Travel_Rarely,25,3,899,4,Male,Married,10903,3,No,16
37,No,Travel_Frequently,21,2,900,3,Female,Married,2973,5,No,10
53,No,Travel_Rarely,23,4,901,4,Female,Single,14275,6,No,33
43,No,Travel_Frequently,1,3,902,4,Female,Married,5562,4,No,12
47,No,Travel_Rarely,2,2,903,3,Female,Married,4537,0,Yes,8
37,No,Non-Travel,19,2,904,1,Male,Single,7642,1,Yes,10
50,No,Non-Travel,2,4,905,1,Male,Divorced,17924,1,No,31
39,No,Travel_Rarely,2,3,909,4,Female,Married,5204,8,No,13
33,No,Travel_Rarely,3,2,910,4,Male,Divorced,2277,3,Yes,7
32,Yes,Travel_Rarely,25,4,911,1,Male,Single,2795,1,Yes,1
29,No,Travel_Rarely,7,1,912,1,Female,Divorced,2532,6,No,8
44,No,Travel_Rarely,9,2,913,2,Male,Married,2559,1,Yes,8
28,No,Travel_Rarely,5,4,916,1,Male,Single,4908,1,No,4
58,Yes,Travel_Frequently,2,1,918,4,Male,Divorced,2380,9,Yes,3
43,No,Travel_Rarely,8,3,920,1,Female,Divorced,4765,4,No,4
20,Yes,Travel_Rarely,2,3,922,3,Female,Single,2044,1,No,2
21,Yes,Travel_Rarely,18,1,923,4,Female,Single,2693,1,No,1
36,No,Travel_Rarely,14,1,924,3,Male,Married,6586,0,Yes,17
47,No,Travel_Rarely,2,4,925,4,Female,Single,3294,1,Yes,3
22,Yes,Travel_Rarely,3,1,926,2,Female,Married,4171,0,Yes,4
41,Yes,Travel_Rarely,2,4,927,2,Female,Divorced,2778,4,Yes,10
28,No,Travel_Rarely,9,3,930,3,Female,Divorced,2377,5,No,6
39,Yes,Travel_Rarely,6,3,932,4,Male,Married,2404,7,Yes,8
27,No,Travel_Rarely,4,3,933,2,Female,Single,2318,1,No,1
34,No,Travel_Rarely,10,3,934,2,Male,Divorced,2008,1,No,1
42,No,Travel_Rarely,14,2,936,3,Female,Single,6244,7,No,10
33,No,Travel_Rarely,1,4,939,3,Male,Single,2799,3,Yes,6
58,No,Travel_Rarely,5,3,940,3,Female,Divorced,10552,2,Yes,24
31,No,Travel_Rarely,7,4,941,2,Male,Married,2329,3,No,13
35,No,Travel_Rarely,21,1,942,4,Female,Married,4014,1,Yes,10
49,No,Travel_Rarely,8,2,944,1,Female,Married,7403,4,No,29
48,No,Travel_Rarely,20,4,945,4,Male,Married,2259,4,No,13
31,No,Non-Travel,20,2,947,4,Female,Married,6932,1,No,9
36,No,Travel_Rarely,7,4,949,2,Male,Single,4678,2,No,8
38,No,Travel_Rarely,1,3,950,4,Female,Married,13582,1,No,15
32,No,Non-Travel,1,3,951,3,Female,Married,2332,6,No,5
25,Yes,Travel_Rarely,19,2,952,3,Male,Married,2413,1,Yes,1
40,No,Travel_Rarely,10,4,954,1,Male,Divorced,9705,2,No,11
26,No,Travel_Frequently,1,3,956,3,Male,Single,4294,1,No,7
41,No,Travel_Rarely,6,3,957,4,Male,Single,4721,2,Yes,20
36,No,Travel_Rarely,2,4,958,3,Male,Single,2519,4,No,16
19,Yes,Travel_Rarely,21,3,959,4,Male,Single,2121,1,Yes,1
20,Yes,Travel_Rarely,4,3,960,1,Male,Single,2973,1,No,1
31,No,Travel_Rarely,12,3,961,4,Female,Married,5855,0,Yes,10
40,No,Travel_Frequently,9,4,964,4,Male,Divorced,3617,8,Yes,3
32,No,Travel_Rarely,3,4,966,3,Female,Married,6725,1,No,8
36,Yes,Travel_Rarely,3,1,967,3,Male,Married,10325,1,Yes,16
33,No,Travel_Rarely,1,3,969,2,Female,Single,6949,0,No,6
37,Yes,Travel_Rarely,1,4,970,1,Male,Married,10609,5,No,17
45,No,Non-Travel,4,2,972,3,Male,Married,4447,1,No,9
29,No,Travel_Frequently,20,3,974,3,Female,Married,2157,1,No,3
35,No,Travel_Rarely,18,3,975,3,Female,Married,4601,1,No,5
52,No,Travel_Rarely,1,2,976,4,Male,Married,17099,2,No,26
58,Yes,Travel_Rarely,2,3,977,4,Male,Single,2479,4,No,7
53,No,Travel_Rarely,2,2,981,3,Male,Divorced,14852,6,No,22
30,No,Travel_Rarely,8,2,982,3,Male,Divorced,7264,5,No,10
38,No,Non-Travel,10,3,983,3,Female,Single,5666,1,Yes,6
35,No,Travel_Rarely,3,4,984,4,Male,Divorced,7823,6,No,12
39,No,Travel_Rarely,2,5,985,1,Male,Single,7880,0,No,9
40,Yes,Non-Travel,24,3,986,2,Female,Single,13194,4,Yes,22
47,No,Travel_Frequently,16,4,987,3,Male,Divorced,5067,1,Yes,20
36,No,Non-Travel,8,4,990,1,Male,Divorced,5079,4,No,12
31,Yes,Non-Travel,9,2,991,3,Male,Single,2321,0,Yes,4
33,No,Non-Travel,17,3,992,4,Male,Single,17444,1,No,10
29,Yes,Travel_Rarely,10,3,994,4,Female,Single,2404,6,Yes,3
33,No,Travel_Rarely,13,1,995,2,Female,Single,3452,3,No,5
45,No,Travel_Rarely,1,4,996,4,Female,Divorced,2270,3,No,8
50,No,Travel_Rarely,1,2,997,4,Male,Divorced,17399,9,No,32
33,No,Travel_Frequently,1,4,998,3,Female,Married,5488,1,Yes,6
41,No,Travel_Frequently,9,3,999,1,Male,Divorced,19419,2,No,21
27,No,Travel_Rarely,16,4,1001,3,Female,Married,2811,9,No,4
45,No,Non-Travel,23,2,1002,4,Male,Married,3633,1,Yes,9
47,No,Travel_Rarely,4,2,1003,4,Female,Single,4163,1,Yes,9
30,Yes,Travel_Rarely,22,3,1004,1,Female,Married,2132,4,Yes,7
50,No,Travel_Rarely,24,3,1005,4,Male,Married,13973,3,Yes,22
38,No,Travel_Frequently,10,1,1006,3,Male,Married,2684,0,No,3
46,No,Travel_Rarely,7,2,1007,4,Male,Divorced,10845,6,No,13
24,No,Travel_Rarely,17,1,1009,4,Female,Divorced,4377,1,No,5
35,Yes,Travel_Rarely,14,4,1010,3,Male,Divorced,3743,1,Yes,5
31,No,Travel_Frequently,1,1,1011,3,Female,Married,4148,1,No,4
18,No,Non-Travel,5,2,1012,2,Male,Single,1051,1,No,0
54,No,Travel_Rarely,17,3,1013,3,Female,Married,10739,8,No,22
35,No,Travel_Rarely,25,4,1014,3,Female,Divorced,10388,1,Yes,16
30,No,Travel_Rarely,8,2,1015,2,Female,Married,11416,0,Yes,9
20,Yes,Travel_Rarely,11,3,1016,4,Female,Single,2600,1,Yes,1
30,Yes,Travel_Frequently,5,3,1017,2,Female,Single,2422,0,No,4
26,No,Travel_Rarely,2,2,1018,4,Male,Married,5472,1,No,8
22,No,Travel_Rarely,8,1,1019,2,Male,Married,2451,1,No,4
48,No,Travel_Rarely,6,3,1022,1,Male,Single,4240,2,No,19
48,No,Travel_Rarely,4,4,1024,3,Male,Single,10999,7,No,27
41,No,Travel_Rarely,7,2,1025,4,Female,Single,5003,6,No,8
39,No,Travel_Rarely,1,1,1026,4,Female,Married,12742,1,No,21
27,No,Travel_Rarely,2,4,1027,1,Female,Married,4227,0,No,4
35,No,Travel_Rarely,10,3,1028,2,Male,Divorced,3917,1,No,3
42,No,Travel_Rarely,5,2,1029,4,Male,Married,18303,6,No,21
50,No,Travel_Rarely,9,3,1030,1,Male,Married,2380,4,No,8
59,No,Travel_Rarely,2,3,1032,3,Female,Single,13726,3,Yes,30
37,Yes,Travel_Rarely,11,2,1033,1,Female,Married,4777,5,No,15
55,No,Travel_Frequently,18,4,1034,3,Male,Married,6385,3,Yes,17
41,No,Non-Travel,7,1,1035,2,Female,Divorced,19973,1,No,21
38,No,Travel_Rarely,3,4,1036,2,Male,Single,6861,8,Yes,19
26,Yes,Non-Travel,29,2,1037,2,Male,Single,4969,8,No,7
52,Yes,Travel_Rarely,2,1,1038,1,Female,Married,19845,1,No,33
44,No,Travel_Rarely,28,3,1039,4,Female,Married,13320,3,Yes,23
50,No,Non-Travel,1,3,1040,4,Female,Married,6347,0,No,19
36,Yes,Travel_Rarely,16,4,1042,3,Female,Single,2743,1,No,18
39,No,Travel_Frequently,22,3,1043,4,Female,Single,10880,1,Yes,21
33,No,Non-Travel,8,1,1044,2,Female,Single,2342,0,No,3
45,No,Travel_Rarely,11,2,1045,4,Female,Married,17650,3,No,26
32,No,Non-Travel,29,4,1046,4,Female,Single,4025,9,No,10
34,No,Travel_Rarely,1,4,1047,2,Male,Divorced,9725,0,No,16
59,No,Travel_Rarely,1,2,1048,2,Male,Married,11904,3,Yes,14
45,No,Travel_Rarely,24,4,1049,2,Male,Single,2177,1,No,6
53,No,Travel_Frequently,2,3,1050,3,Female,Married,7525,2,No,30
36,Yes,Travel_Rarely,15,3,1052,1,Male,Divorced,4834,7,No,9
26,Yes,Travel_Frequently,2,3,1053,1,Male,Married,2042,6,Yes,6
34,No,Travel_Rarely,10,4,1055,3,Female,Married,2220,1,Yes,1
28,No,Travel_Rarely,10,1,1056,4,Male,Married,1052,1,No,1
38,No,Travel_Frequently,3,4,1060,3,Male,Married,2821,3,No,8
50,No,Travel_Rarely,2,4,1061,2,Male,Married,19237,2,Yes,29
37,No,Travel_Rarely,3,3,1062,4,Female,Single,4107,3,No,8
40,No,Travel_Rarely,26,3,1066,3,Male,Married,8396,1,No,8
26,No,Travel_Frequently,1,1,1068,1,Female,Divorced,2007,1,No,5
46,No,Travel_Rarely,1,4,1069,4,Male,Divorced,19627,9,No,23
54,No,Travel_Rarely,2,4,1070,3,Female,Married,10686,6,No,13
56,No,Travel_Frequently,9,3,1071,1,Female,Married,2942,2,No,18
36,No,Travel_Rarely,12,5,1073,4,Female,Single,8858,0,No,15
55,No,Non-Travel,2,1,1074,3,Male,Single,16756,7,No,31
43,No,Travel_Rarely,25,3,1076,3,Male,Divorced,10798,5,No,18
20,Yes,Travel_Frequently,9,3,1077,4,Female,Single,2323,1,Yes,2
21,Yes,Travel_Rarely,10,3,1079,3,Female,Single,1416,1,No,1
46,No,Travel_Rarely,8,4,1080,4,Female,Divorced,4615,8,Yes,19
51,Yes,Travel_Rarely,4,4,1081,1,Male,Married,2461,9,Yes,18
28,Yes,Non-Travel,24,2,1082,2,Male,Single,8722,1,No,10
26,No,Travel_Rarely,1,2,1083,1,Male,Married,3955,1,No,6
30,No,Travel_Rarely,20,3,1084,3,Male,Married,9957,0,No,7
41,No,Travel_Rarely,7,2,1085,2,Female,Married,3376,1,No,10
38,No,Travel_Rarely,17,1,1088,3,Female,Married,8823,0,No,20
40,No,Travel_Rarely,20,4,1092,1,Male,Married,10322,4,No,14
27,No,Non-Travel,8,5,1094,1,Male,Married,4621,1,No,3
55,No,Travel_Frequently,2,1,1096,4,Male,Married,10976,3,No,23
28,No,Travel_Rarely,10,3,1097,3,Female,Single,3660,3,No,10
44,Yes,Travel_Rarely,1,2,1098,2,Male,Married,10482,9,No,24
33,No,Travel_Rarely,5,3,1099,4,Male,Divorced,7119,4,No,9
35,Yes,Travel_Rarely,4,3,1100,4,Male,Single,9582,0,Yes,9
33,Yes,Travel_Frequently,29,4,1101,1,Female,Single,4508,1,No,14
28,No,Travel_Rarely,15,2,1102,1,Male,Divorced,2207,1,No,4
34,No,Travel_Frequently,3,1,1103,1,Male,Single,7756,0,No,7
37,No,Travel_Rarely,10,4,1105,4,Female,Divorced,6694,2,Yes,8
25,Yes,Travel_Rarely,4,1,1106,4,Male,Married,3691,1,Yes,7
26,Yes,Travel_Rarely,21,3,1107,1,Male,Divorced,2377,1,No,1
33,Yes,Travel_Rarely,25,3,1108,1,Male,Single,2313,4,Yes,5
42,No,Travel_Rarely,2,2,1109,4,Male,Married,17665,0,No,23
28,Yes,Travel_Frequently,1,3,1111,1,Male,Divorced,2596,1,No,1
50,Yes,Travel_Frequently,1,4,1113,4,Male,Single,4728,3,Yes,5
33,No,Travel_Frequently,7,3,1114,4,Female,Married,4302,0,No,4
34,No,Non-Travel,3,4,1115,3,Male,Married,2979,3,No,6
48,No,Non-Travel,1,4,1116,1,Male,Single,16885,2,No,27
45,No,Non-Travel,9,4,1117,2,Female,Married,5593,1,No,15
52,No,Travel_Rarely,7,4,1118,2,Male,Single,10445,7,No,18
38,No,Travel_Rarely,10,4,1119,3,Male,Divorced,8740,0,Yes,9
29,No,Travel_Rarely,28,4,1120,3,Female,Divorced,2514,4,No,11
28,No,Travel_Rarely,3,3,1121,4,Female,Divorced,7655,0,No,10
46,No,Travel_Rarely,3,1,1124,1,Male,Married,17465,3,No,23
38,No,Travel_Rarely,2,2,1125,4,Male,Single,7351,7,No,10
43,No,Travel_Frequently,27,3,1126,3,Female,Married,10820,8,No,18
39,Yes,Travel_Frequently,2,3,1127,1,Male,Divorced,12169,7,No,21
40,No,Travel_Rarely,14,3,1128,3,Male,Single,19626,1,No,21
21,No,Travel_Rarely,1,1,1131,4,Female,Single,2070,1,Yes,2
39,No,Non-Travel,9,3,1132,3,Male,Single,6782,9,No,9
36,No,Non-Travel,18,4,1133,1,Male,Single,7779,2,No,18
31,No,Travel_Frequently,20,3,1135,3,Male,Married,2791,0,No,3
28,No,Travel_Rarely,2,1,1136,1,Male,Married,3201,0,No,6
35,No,Travel_Frequently,11,2,1137,4,Male,Divorced,4968,1,No,5
49,No,Travel_Rarely,8,4,1138,4,Male,Married,13120,6,No,22
34,No,Travel_Frequently,2,2,1140,4,Male,Single,4033,2,No,5
29,No,Travel_Frequently,10,3,1143,4,Female,Divorced,3291,0,No,8
42,No,Travel_Rarely,29,3,1148,2,Male,Single,4272,4,No,16
29,No,Travel_Rarely,8,1,1150,2,Male,Married,5056,1,Yes,10
38,No,Travel_Rarely,1,3,1152,3,Male,Married,2844,1,No,7
28,No,Travel_Frequently,6,3,1154,3,Male,Divorced,2703,1,Yes,3
18,Yes,Non-Travel,8,1,1156,3,Male,Single,1904,1,No,0
33,Yes,Travel_Rarely,9,4,1157,1,Female,Single,8224,0,Yes,6
41,No,Travel_Rarely,12,4,1158,2,Male,Married,4766,3,Yes,6
31,Yes,Travel_Frequently,15,3,1160,3,Male,Married,2610,1,No,2
37,No,Travel_Rarely,25,2,1161,3,Female,Divorced,5731,7,No,9
27,No,Travel_Rarely,6,3,1162,4,Male,Married,2539,1,No,4
34,No,Travel_Rarely,9,1,1163,2,Female,Married,5714,1,No,6
35,No,Travel_Rarely,8,4,1164,3,Male,Single,4323,1,No,6
29,Yes,Travel_Rarely,23,1,1165,4,Female,Married,7336,1,No,11
40,No,Travel_Frequently,9,4,1166,2,Female,Single,13499,9,No,20
42,Yes,Travel_Frequently,12,3,1167,3,Male,Single,13758,0,Yes,22
42,No,Travel_Rarely,4,4,1171,2,Male,Single,5155,7,No,9
35,No,Travel_Rarely,1,4,1172,4,Male,Married,2258,6,No,10
24,No,Travel_Rarely,24,3,1173,4,Male,Single,3597,8,No,6
28,Yes,Travel_Rarely,12,1,1175,3,Female,Married,2515,1,Yes,1
26,No,Travel_Rarely,3,4,1177,1,Male,Married,4420,1,No,8
30,No,Travel_Rarely,10,3,1179,3,Male,Married,6578,1,No,10
40,No,Travel_Frequently,26,2,1180,3,Female,Married,4422,3,Yes,16
35,No,Travel_Rarely,2,3,1182,3,Male,Divorced,10274,2,No,15
34,No,Travel_Frequently,1,3,1184,4,Male,Single,5343,0,No,14
35,No,Travel_Frequently,4,4,1185,4,Male,Married,2376,1,No,2
43,Yes,Travel_Rarely,9,3,1188,1,Female,Single,5346,8,No,7
32,No,Non-Travel,2,1,1190,3,Female,Divorced,2827,1,No,1
56,No,Travel_Rarely,4,4,1191,4,Female,Divorced,19943,4,No,28
29,No,Travel_Rarely,6,1,1192,2,Female,Married,3131,1,No,10
19,No,Travel_Rarely,9,2,1193,3,Male,Single,2552,1,No,1
45,No,Travel_Rarely,7,3,1195,1,Female,Married,4477,4,Yes,7
37,No,Travel_Rarely,1,3,1196,4,Female,Married,6474,1,No,14
20,No,Travel_Rarely,3,3,1198,1,Male,Single,3033,1,No,2
44,Yes,Travel_Rarely,10,4,1200,3,Male,Single,2936,1,Yes,6
53,No,Travel_Rarely,7,2,1201,4,Female,Divorced,18606,3,No,26
29,No,Travel_Rarely,15,1,1202,2,Female,Married,2168,0,Yes,6
22,Yes,Travel_Frequently,3,4,1203,3,Male,Married,2853,0,Yes,1
46,No,Travel_Rarely,2,3,1204,3,Female,Married,17048,8,No,28
44,No,Non-Travel,17,3,1206,4,Male,Single,2290,2,No,6
33,No,Travel_Rarely,2,3,1207,2,Male,Married,3600,1,No,5
41,Yes,Non-Travel,5,2,1210,1,Male,Divorced,2107,6,No,5
30,No,Travel_Rarely,29,4,1211,3,Male,Divorced,4115,8,No,8
40,No,Travel_Frequently,2,4,1212,2,Male,Married,4327,5,No,5
50,No,Travel_Frequently,2,3,1215,4,Female,Married,17856,2,No,32
28,No,Travel_Rarely,19,4,1216,4,Male,Married,3196,1,No,6
46,No,Travel_Rarely,15,2,1217,4,Male,Married,19081,5,No,25
35,No,Travel_Rarely,17,4,1218,3,Male,Married,8966,3,Yes,15
24,Yes,Travel_Rarely,17,2,1219,4,Female,Married,2210,1,No,1
33,No,Travel_Frequently,25,3,1220,2,Female,Married,4539,1,No,10
36,No,Travel_Rarely,6,4,1221,3,Male,Divorced,2741,1,No,7
30,No,Travel_Rarely,7,4,1224,3,Male,Divorced,3491,1,No,10
44,No,Travel_Rarely,29,4,1225,4,Male,Single,4541,1,No,20
20,No,Travel_Rarely,21,3,1226,3,Male,Single,2678,1,No,2
46,No,Travel_Rarely,2,4,1228,4,Male,Divorced,7379,2,No,12
42,No,Non-Travel,2,5,1231,4,Male,Married,6272,7,No,10
60,No,Travel_Rarely,7,4,1233,2,Male,Divorced,5220,0,Yes,12
32,No,Travel_Frequently,13,3,1234,3,Female,Married,2743,1,No,2
32,No,Travel_Frequently,2,2,1235,4,Female,Single,4998,4,Yes,10
36,No,Travel_Rarely,1,3,1237,3,Female,Divorced,10252,2,Yes,17
33,No,Travel_Rarely,9,3,1238,1,Male,Married,2781,0,No,15
40,No,Travel_Rarely,10,3,1239,2,Female,Divorced,6852,7,No,7
25,No,Travel_Rarely,10,4,1240,3,Male,Single,4950,0,No,5
30,No,Travel_Rarely,1,3,1241,4,Male,Married,3579,0,Yes,12
42,No,Travel_Frequently,26,5,1242,1,Female,Married,13191,3,Yes,20
35,No,Non-Travel,8,2,1243,3,Female,Married,10377,4,Yes,16
27,No,Travel_Rarely,14,3,1244,1,Male,Married,2235,1,Yes,9
54,No,Travel_Frequently,1,4,1245,4,Female,Divorced,10502,7,No,33
44,No,Travel_Rarely,2,1,1246,1,Female,Married,2011,1,No,10
19,Yes,Non-Travel,10,3,1248,1,Female,Single,1859,1,Yes,1
29,No,Travel_Rarely,1,3,1249,1,Female,Divorced,3760,1,No,3
54,No,Travel_Rarely,3,3,1250,4,Male,Married,17779,3,No,36
31,No,Travel_Rarely,11,2,1251,3,Male,Married,6833,1,Yes,6
31,No,Travel_Rarely,24,3,1252,3,Female,Single,6812,1,No,10
59,No,Travel_Rarely,3,3,1254,3,Female,Single,5171,5,No,13
43,No,Travel_Rarely,3,3,1255,3,Male,Married,19740,3,No,25
49,No,Travel_Rarely,4,2,1256,1,Male,Married,18711,2,No,23
36,No,Travel_Frequently,3,3,1257,3,Male,Married,3692,1,No,12
48,No,Travel_Rarely,2,2,1258,4,Male,Single,2559,5,No,7
27,No,Travel_Rarely,4,2,1259,1,Male,Divorced,2517,1,No,5
29,No,Travel_Rarely,7,3,1260,3,Male,Divorced,6623,1,Yes,6
48,No,Travel_Rarely,1,3,1263,4,Male,Single,18265,6,No,25
29,No,Travel_Rarely,1,3,1264,4,Female,Divorced,16124,3,No,9
34,No,Travel_Rarely,20,3,1265,3,Female,Married,2585,0,No,2
44,No,Travel_Rarely,5,3,1267,2,Male,Married,18213,7,No,26
33,No,Travel_Rarely,10,5,1268,4,Male,Divorced,8380,0,Yes,10
19,No,Travel_Rarely,25,3,1269,2,Female,Single,2994,1,Yes,1
23,No,Travel_Rarely,1,2,1270,4,Male,Married,1223,1,No,1
25,Yes,Travel_Frequently,24,1,1273,3,Male,Single,1118,1,Yes,1
26,No,Travel_Rarely,4,2,1275,3,Male,Single,2875,1,Yes,8
45,Yes,Travel_Rarely,2,3,1277,1,Female,Single,18824,2,Yes,26
55,No,Non-Travel,8,1,1278,4,Male,Divorced,13577,1,Yes,34
21,Yes,Travel_Frequently,10,2,1279,1,Female,Single,2625,1,No,2
46,No,Travel_Rarely,4,2,1280,4,Female,Married,18789,2,No,26
34,No,Travel_Rarely,2,3,1281,3,Female,Single,4538,0,Yes,4
51,No,Travel_Frequently,9,3,1282,4,Male,Divorced,19847,4,Yes,31
59,No,Travel_Rarely,18,4,1283,4,Male,Single,10512,6,No,25
34,No,Travel_Frequently,19,3,1285,3,Female,Divorced,4444,4,No,15
28,No,Travel_Frequently,1,4,1286,4,Male,Single,2154,0,Yes,5
44,No,Travel_Rarely,4,2,1288,3,Male,Divorced,19190,1,No,26
34,No,Travel_Frequently,11,3,1289,3,Male,Married,4490,4,No,14
35,No,Travel_Rarely,6,1,1291,3,Male,Married,3506,0,Yes,4
42,No,Travel_Rarely,7,4,1292,2,Female,Married,2372,6,Yes,18
43,No,Travel_Rarely,4,4,1293,4,Female,Single,10231,3,No,23
36,No,Travel_Rarely,2,4,1294,3,Female,Single,5410,9,Yes,18
44,Yes,Travel_Rarely,15,3,1295,1,Female,Married,7978,1,No,10
28,No,Travel_Frequently,2,3,1296,4,Male,Married,3867,1,Yes,2
51,No,Travel_Frequently,6,2,1297,2,Female,Single,2838,0,No,8
30,No,Non-Travel,9,2,1298,3,Female,Single,4695,7,Yes,10
29,Yes,Travel_Rarely,7,3,1299,2,Female,Divorced,3339,3,Yes,10
28,No,Travel_Rarely,1,3,1301,4,Male,Single,2080,2,No,5
25,No,Travel_Rarely,1,3,1303,4,Female,Single,2096,1,No,2
32,No,Travel_Rarely,8,3,1304,3,Male,Married,6209,1,No,10
45,No,Travel_Frequently,25,3,1306,2,Female,Single,18061,3,No,22
39,No,Travel_Rarely,13,4,1307,3,Female,Divorced,17123,6,Yes,21
58,No,Travel_Rarely,23,4,1308,1,Male,Divorced,2372,1,No,2
32,Yes,Travel_Rarely,7,2,1309,4,Male,Married,4883,1,No,10
39,Yes,Travel_Rarely,23,3,1310,3,Male,Single,3904,0,No,6
30,No,Travel_Rarely,6,3,1311,1,Female,Married,4627,0,No,10
36,No,Travel_Rarely,10,4,1312,4,Female,Married,7094,3,No,10
46,No,Travel_Rarely,1,2,1314,4,Female,Single,3423,6,No,10
28,No,Non-Travel,1,3,1315,3,Female,Married,6674,0,No,10
50,No,Travel_Rarely,28,3,1317,4,Female,Married,16880,4,Yes,25
40,Yes,Travel_Rarely,25,4,1318,4,Male,Single,9094,2,Yes,9
52,Yes,Travel_Rarely,5,3,1319,2,Male,Single,8446,9,Yes,10
30,No,Travel_Rarely,17,4,1321,2,Female,Married,11916,1,Yes,9
39,No,Travel_Rarely,18,2,1322,1,Male,Single,4534,0,No,9
31,No,Non-Travel,2,4,1324,4,Female,Divorced,9852,1,Yes,10
41,No,Non-Travel,10,2,1329,3,Male,Single,6151,1,No,19
31,Yes,Travel_Frequently,1,3,1331,4,Female,Single,2302,1,Yes,3
44,Yes,Travel_Rarely,3,3,1333,1,Male,Married,2362,4,No,10
42,No,Non-Travel,2,1,1334,3,Male,Married,17861,0,Yes,21
55,No,Travel_Rarely,2,2,1336,4,Female,Married,19187,4,No,23
56,No,Travel_Rarely,8,4,1338,4,Male,Single,19717,6,No,36
40,No,Non-Travel,16,2,1340,3,Male,Divorced,3544,9,No,6
34,No,Travel_Rarely,9,3,1344,4,Male,Divorced,8500,0,No,10
40,No,Travel_Rarely,2,3,1346,3,Male,Single,4661,1,No,9
41,No,Travel_Frequently,1,3,1349,3,Female,Divorced,4103,0,No,10
35,No,Travel_Frequently,4,4,1350,3,Male,Single,4249,1,Yes,9
51,No,Travel_Rarely,5,3,1352,3,Male,Divorced,14026,1,Yes,33
38,No,Travel_Rarely,2,2,1355,2,Female,Divorced,6893,3,No,11
34,No,Travel_Rarely,15,2,1356,3,Female,Single,6125,1,No,10
25,No,Travel_Rarely,19,1,1358,4,Male,Married,3669,3,No,7
58,Yes,Travel_Rarely,7,4,1360,3,Female,Married,10008,7,Yes,31
40,No,Travel_Rarely,1,4,1361,2,Male,Married,2387,3,No,7
36,No,Travel_Frequently,7,3,1362,1,Female,Married,4639,2,No,17
48,No,Travel_Rarely,4,3,1363,4,Male,Single,7898,1,No,11
27,No,Travel_Rarely,11,3,1364,3,Female,Married,2534,8,No,5
51,No,Travel_Rarely,11,2,1367,4,Female,Single,13142,3,No,29
18,No,Non-Travel,1,3,1368,4,Female,Single,1611,1,No,0
35,No,Travel_Rarely,1,3,1369,4,Female,Married,5363,0,No,10
27,No,Travel_Frequently,2,1,1371,4,Male,Single,5071,3,No,8
55,Yes,Travel_Rarely,13,4,1372,1,Male,Single,13695,6,Yes,24
56,No,Travel_Rarely,23,3,1373,4,Male,Married,13402,4,Yes,33
34,No,Non-Travel,26,1,1374,1,Female,Divorced,2029,1,No,5
40,No,Travel_Rarely,2,1,1375,2,Female,Divorced,6377,5,No,15
34,No,Travel_Rarely,29,3,1377,2,Male,Married,5429,4,No,10
31,Yes,Travel_Frequently,2,3,1379,3,Female,Single,2785,7,No,3
35,Yes,Travel_Frequently,18,4,1380,4,Female,Married,4614,0,Yes,5
38,No,Travel_Frequently,7,3,1382,4,Male,Divorced,2610,1,No,4
34,No,Travel_Rarely,2,4,1383,3,Female,Single,6687,1,No,14
28,No,Travel_Rarely,26,3,1387,3,Male,Married,4724,1,No,5
31,Yes,Travel_Rarely,22,4,1389,4,Male,Married,6179,1,Yes,10
39,No,Travel_Rarely,21,4,1390,1,Male,Married,6120,3,Yes,8
51,No,Travel_Frequently,2,3,1391,2,Male,Married,10596,2,No,14
41,No,Travel_Frequently,22,3,1392,4,Female,Divorced,5467,3,Yes,12
37,No,Travel_Rarely,4,1,1394,3,Male,Married,2996,7,Yes,8
33,No,Travel_Frequently,5,1,1395,2,Male,Married,9998,6,No,8
32,No,Travel_Rarely,2,1,1396,3,Male,Married,4078,0,Yes,4
39,No,Non-Travel,25,2,1397,3,Male,Married,10920,3,No,13
25,No,Travel_Rarely,18,1,1399,1,Male,Married,6232,2,No,6
52,No,Travel_Frequently,28,2,1401,4,Female,Married,13247,2,Yes,24
43,No,Travel_Rarely,6,3,1402,1,Female,Single,4081,1,Yes,20
27,No,Travel_Rarely,10,3,1403,4,Female,Married,5769,1,Yes,6
27,Yes,Travel_Rarely,17,4,1405,4,Female,Single,2394,1,Yes,8
26,No,Travel_Rarely,2,1,1407,1,Male,Single,3904,0,No,5
42,No,Travel_Rarely,10,3,1408,3,Female,Married,16799,0,No,21
52,No,Travel_Rarely,8,4,1409,3,Female,Married,2950,9,No,12
37,No,Travel_Rarely,11,3,1411,1,Female,Single,3629,4,No,8
35,No,Travel_Frequently,18,2,1412,3,Male,Single,9362,2,No,10
25,No,Travel_Rarely,1,3,1415,1,Male,Married,3229,4,No,7
26,No,Travel_Rarely,7,3,1417,3,Male,Single,3578,0,No,8
29,No,Travel_Rarely,17,3,1419,2,Male,Single,7988,1,No,10
49,Yes,Travel_Frequently,28,2,1420,1,Male,Single,4284,3,No,20
29,Yes,Travel_Frequently,14,1,1421,3,Female,Single,7553,0,Yes,9
54,No,Travel_Rarely,1,3,1422,4,Female,Single,17328,6,No,29
58,No,Travel_Rarely,1,3,1423,4,Female,Married,19701,3,Yes,32
55,No,Travel_Rarely,1,4,1424,2,Male,Divorced,14732,2,No,31
36,No,Travel_Rarely,3,4,1425,1,Female,Single,9278,3,Yes,15
31,Yes,Travel_Frequently,1,4,1427,2,Female,Single,1359,1,No,1
30,No,Travel_Rarely,7,4,1428,4,Female,Divorced,4779,7,No,8
31,No,Travel_Rarely,8,5,1430,1,Female,Single,16422,3,No,9
34,No,Travel_Frequently,1,4,1431,4,Male,Divorced,2996,5,No,10
31,Yes,Travel_Rarely,8,3,1433,1,Female,Single,1261,1,No,1
27,No,Travel_Rarely,11,1,1434,2,Male,Married,2099,0,No,6
36,No,Travel_Rarely,4,4,1435,1,Male,Single,5810,1,No,10
36,No,Travel_Rarely,16,4,1436,3,Female,Married,5647,4,No,11
47,No,Travel_Rarely,1,3,1438,1,Male,Married,3420,7,No,17
25,Yes,Travel_Rarely,9,2,1439,1,Male,Married,4400,3,No,6
37,No,Non-Travel,5,2,1440,3,Male,Single,3500,0,No,7
56,No,Travel_Rarely,1,2,1441,1,Female,Married,2066,2,No,5
47,No,Travel_Rarely,2,4,1443,1,Female,Married,17169,3,No,26
24,No,Travel_Rarely,4,1,1445,4,Female,Married,4162,1,Yes,5
32,No,Travel_Rarely,7,5,1446,4,Male,Married,9204,4,No,7
34,No,Travel_Rarely,1,3,1447,4,Female,Married,3294,5,No,7
41,No,Travel_Rarely,5,5,1448,2,Male,Married,2127,2,Yes,7
40,No,Non-Travel,9,4,1449,3,Male,Divorced,3975,3,No,11
31,No,Travel_Rarely,8,2,1453,1,Male,Divorced,10793,1,No,13
46,Yes,Travel_Rarely,9,3,1457,1,Male,Divorced,10096,4,No,28
39,Yes,Non-Travel,2,3,1458,1,Female,Single,3646,2,Yes,11
31,Yes,Travel_Frequently,1,5,1459,3,Female,Single,7446,1,No,10
45,No,Travel_Rarely,20,3,1460,2,Male,Divorced,10851,2,Yes,24
31,No,Travel_Rarely,8,2,1461,4,Female,Single,2109,9,No,8
31,Yes,Travel_Frequently,2,3,1464,2,Male,Married,3722,6,Yes,7
45,No,Travel_Rarely,29,3,1465,2,Male,Married,9380,4,Yes,10
48,No,Travel_Rarely,7,3,1466,3,Male,Divorced,5486,4,No,15
34,Yes,Travel_Rarely,9,4,1467,1,Female,Married,2742,1,No,2
40,No,Non-Travel,8,1,1468,4,Male,Divorced,13757,2,No,16
28,No,Travel_Rarely,5,3,1469,4,Male,Single,8463,0,No,6
44,No,Non-Travel,5,3,1471,3,Male,Single,3162,3,No,7
53,No,Travel_Rarely,2,3,1472,4,Male,Single,16598,4,No,35
49,No,Travel_Rarely,5,4,1473,1,Male,Married,6651,2,No,20
40,No,Travel_Rarely,2,3,1474,3,Male,Divorced,2345,2,No,8
44,No,Travel_Rarely,20,3,1475,4,Male,Single,3420,1,No,6
33,No,Travel_Frequently,7,3,1477,4,Male,Married,4373,0,No,5
34,No,Travel_Rarely,3,3,1478,4,Male,Single,4759,3,No,15
30,No,Travel_Rarely,16,1,1479,4,Male,Married,5301,8,No,4
42,No,Travel_Frequently,9,2,1480,1,Female,Single,3673,1,No,12
44,No,Travel_Frequently,1,5,1481,1,Female,Married,4768,7,No,11
30,No,Non-Travel,7,3,1482,3,Male,Divorced,1274,1,No,1
57,No,Travel_Rarely,1,2,1483,2,Male,Married,4900,0,No,13
49,No,Travel_Rarely,7,4,1484,3,Male,Divorced,10466,3,No,29
34,No,Travel_Frequently,15,3,1485,2,Male,Divorced,17007,7,No,16
28,Yes,Travel_Frequently,1,3,1486,1,Male,Married,2909,3,No,5
29,Yes,Travel_Frequently,13,3,1487,1,Female,Single,5765,5,No,7
34,Yes,Travel_Rarely,24,4,1489,1,Female,Single,4599,0,Yes,16
35,No,Travel_Rarely,7,1,1492,4,Male,Married,2404,1,No,1
24,Yes,Travel_Frequently,9,3,1494,2,Male,Single,3172,2,Yes,4
24,No,Non-Travel,13,2,1495,4,Female,Married,2033,1,No,1
44,No,Travel_Frequently,2,1,1496,2,Male,Single,10209,5,Yes,16
29,No,Travel_Rarely,19,3,1497,3,Male,Divorced,8620,1,No,10
30,No,Travel_Rarely,1,3,1499,3,Male,Divorced,2064,0,No,6
55,No,Travel_Rarely,4,4,1501,4,Male,Married,4035,0,Yes,4
33,No,Travel_Rarely,4,4,1502,1,Female,Married,3838,8,No,8
47,No,Travel_Rarely,14,3,1503,3,Female,Married,4591,3,Yes,11
28,Yes,Travel_Frequently,2,2,1504,3,Male,Single,2561,7,No,8
28,No,Travel_Rarely,1,3,1506,1,Male,Divorced,1563,1,No,1
28,No,Travel_Frequently,7,3,1507,3,Male,Single,4898,0,No,5
49,No,Travel_Rarely,3,2,1509,3,Female,Married,4789,4,No,10
29,No,Travel_Frequently,2,1,1513,4,Female,Married,3180,0,No,4
28,No,Travel_Rarely,29,1,1514,3,Male,Married,6549,1,No,8
33,No,Travel_Rarely,8,5,1515,4,Male,Single,6388,2,Yes,14
32,No,Travel_Rarely,10,3,1516,3,Male,Single,11244,2,No,10
54,No,Travel_Frequently,11,4,1520,2,Female,Divorced,16032,3,No,26
29,Yes,Travel_Rarely,1,4,1522,1,Male,Single,2362,6,No,11
44,No,Travel_Rarely,28,3,1523,4,Male,Married,16328,3,No,24
39,No,Travel_Rarely,6,3,1525,2,Female,Single,8376,4,No,9
46,No,Travel_Rarely,3,3,1527,3,Female,Married,16606,8,No,23
35,No,Travel_Rarely,16,3,1529,4,Female,Single,8606,1,No,11
23,No,Travel_Rarely,20,1,1533,1,Male,Single,2272,0,No,5
40,Yes,Travel_Rarely,9,4,1534,4,Male,Single,2018,3,No,15
34,No,Travel_Rarely,1,3,1535,4,Male,Married,7083,1,Yes,10
31,Yes,Travel_Frequently,3,3,1537,4,Female,Single,4084,1,No,7
50,No,Travel_Frequently,22,5,1539,3,Male,Single,14411,1,Yes,32
34,No,Travel_Rarely,7,2,1541,2,Male,Married,2308,0,Yes,12
42,No,Travel_Rarely,2,3,1542,3,Male,Married,4841,4,No,4
37,No,Travel_Rarely,13,3,1543,1,Male,Married,4285,1,No,10
29,No,Travel_Rarely,8,1,1544,3,Female,Married,9715,3,No,9
33,No,Travel_Rarely,25,3,1545,4,Male,Single,4320,1,No,5
45,No,Travel_Rarely,28,3,1546,4,Male,Married,2132,4,No,8
42,No,Travel_Frequently,2,3,1547,4,Male,Married,10124,2,Yes,24
40,No,Travel_Rarely,9,2,1548,1,Male,Married,5473,0,No,9
33,No,Travel_Rarely,28,4,1549,2,Male,Married,5207,1,Yes,15
40,No,Travel_Rarely,6,2,1550,3,Male,Single,16437,1,Yes,21
24,No,Travel_Rarely,21,2,1551,3,Male,Divorced,2296,0,No,2
40,No,Non-Travel,8,2,1552,4,Male,Divorced,4069,3,Yes,8
45,No,Travel_Rarely,1,4,1553,1,Male,Divorced,7441,1,No,10
35,No,Travel_Rarely,28,4,1554,2,Female,Married,2430,0,No,6
32,No,Travel_Rarely,5,2,1555,4,Female,Married,5878,3,No,12
36,No,Travel_Rarely,2,4,1556,3,Male,Single,2644,3,Yes,7
48,No,Travel_Rarely,16,4,1557,3,Female,Divorced,6439,8,No,18
29,No,Travel_Rarely,9,3,1558,3,Male,Married,2451,6,No,5
33,No,Travel_Rarely,8,4,1560,1,Male,Married,6392,2,No,8
30,Yes,Travel_Rarely,1,3,1562,2,Male,Married,9714,1,No,10
38,No,Travel_Frequently,10,4,1563,3,Male,Married,6077,3,No,10
35,No,Travel_Rarely,1,3,1564,4,Male,Single,2450,1,No,3
30,No,Travel_Rarely,29,4,1568,3,Male,Married,9250,3,No,9
35,Yes,Travel_Rarely,2,3,1569,1,Female,Divorced,2074,1,Yes,1
53,Yes,Travel_Rarely,2,5,1572,3,Female,Married,10169,0,No,34
38,Yes,Travel_Rarely,2,3,1573,3,Male,Married,4855,4,No,7
32,No,Non-Travel,1,4,1574,4,Male,Married,4087,4,No,9
48,No,Travel_Rarely,15,4,1576,3,Female,Married,2367,8,No,10
34,No,Travel_Rarely,7,4,1577,1,Male,Single,2972,1,No,1
55,No,Travel_Rarely,26,5,1578,3,Male,Married,19586,1,No,36
34,No,Travel_Rarely,1,4,1580,2,Male,Married,5484,9,No,9
26,No,Travel_Rarely,3,3,1581,1,Female,Married,2061,1,No,1
38,No,Travel_Rarely,14,3,1582,3,Male,Married,9924,0,No,10
38,No,Travel_Rarely,16,3,1583,2,Female,Single,4198,2,No,8
36,No,Travel_Rarely,1,4,1585,2,Female,Single,6815,6,No,15
29,No,Travel_Rarely,3,1,1586,2,Male,Single,4723,1,Yes,10
35,No,Travel_Rarely,10,4,1587,1,Female,Single,6142,3,Yes,10
39,No,Travel_Rarely,6,3,1588,4,Male,Married,8237,2,No,11
29,No,Travel_Frequently,2,1,1590,1,Male,Divorced,8853,1,No,6
50,No,Travel_Rarely,9,3,1591,3,Male,Married,19331,4,Yes,27
23,No,Travel_Rarely,10,3,1592,4,Male,Married,2073,2,No,4
36,No,Travel_Frequently,6,4,1594,1,Male,Married,5562,3,Yes,9
42,No,Travel_Rarely,9,2,1595,4,Male,Single,19613,8,No,24
35,No,Travel_Rarely,28,3,1596,2,Male,Married,3407,1,No,10
34,No,Travel_Frequently,10,4,1597,4,Male,Married,5063,1,No,8
40,No,Travel_Rarely,14,2,1598,4,Female,Married,4639,1,No,5
43,No,Travel_Rarely,27,3,1599,4,Male,Divorced,4876,5,No,8
35,No,Travel_Rarely,7,2,1601,3,Male,Married,2690,1,No,1
46,No,Travel_Rarely,1,4,1602,4,Male,Single,17567,1,No,27
28,Yes,Travel_Rarely,24,3,1604,3,Male,Married,2408,1,Yes,1
22,No,Non-Travel,26,2,1605,2,Female,Married,2814,1,Yes,4
50,No,Travel_Frequently,20,5,1606,2,Male,Married,11245,2,Yes,32
32,No,Travel_Rarely,5,4,1607,2,Female,Married,3312,3,No,6
44,No,Travel_Rarely,7,3,1608,2,Female,Divorced,19049,0,Yes,23
30,No,Travel_Rarely,7,3,1609,2,Male,Married,2141,1,No,6
45,No,Travel_Rarely,5,5,1611,3,Female,Single,5769,1,Yes,10
45,No,Non-Travel,26,3,1612,1,Male,Married,4385,1,No,10
31,No,Travel_Frequently,2,4,1613,4,Male,Single,5332,7,No,10
36,No,Travel_Rarely,12,4,1614,3,Female,Married,4663,9,Yes,7
34,No,Travel_Frequently,10,4,1615,3,Male,Divorced,4724,1,No,9
49,No,Travel_Rarely,25,4,1617,3,Female,Married,3211,1,No,10
39,No,Travel_Rarely,10,5,1618,2,Male,Married,5377,2,No,10
27,No,Travel_Rarely,19,3,1619,4,Male,Divorced,4066,1,No,7
35,No,Travel_Rarely,18,5,1621,2,Male,Married,5208,1,No,16
28,No,Travel_Rarely,27,3,1622,2,Female,Divorced,4877,0,No,6
21,No,Travel_Rarely,5,1,1623,3,Male,Single,3117,1,No,3
18,Yes,Travel_Frequently,3,2,1624,2,Female,Single,1569,1,Yes,0
47,No,Travel_Rarely,26,4,1625,4,Female,Married,19658,3,No,27
39,No,Travel_Rarely,3,2,1627,3,Male,Divorced,3069,0,No,11
40,No,Travel_Rarely,15,3,1628,1,Female,Married,10435,1,No,18
35,No,Non-Travel,8,4,1630,3,Female,Married,4148,1,No,15
37,No,Travel_Rarely,19,3,1631,3,Male,Married,5768,3,No,9
39,No,Travel_Frequently,4,3,1633,1,Female,Single,5042,0,No,10
45,No,Travel_Rarely,2,2,1635,4,Female,Divorced,5770,1,No,10
38,No,Travel_Rarely,2,2,1638,4,Female,Married,7756,3,Yes,10
35,Yes,Travel_Rarely,10,3,1639,4,Male,Married,10306,9,No,15
37,No,Travel_Rarely,10,3,1640,2,Female,Married,3936,1,No,8
40,No,Travel_Rarely,16,3,1641,3,Female,Single,7945,6,Yes,18
44,No,Travel_Frequently,1,5,1642,1,Male,Married,5743,4,Yes,14
48,No,Travel_Frequently,4,5,1644,3,Male,Married,15202,2,No,23
35,Yes,Travel_Rarely,15,2,1645,1,Male,Divorced,5440,6,Yes,7
24,No,Travel_Frequently,2,1,1646,1,Female,Single,3760,1,Yes,6
27,No,Travel_Rarely,8,3,1647,2,Female,Married,3517,7,No,5
27,No,Travel_Frequently,2,3,1648,4,Male,Single,2580,2,No,6
40,Yes,Travel_Rarely,7,3,1649,1,Male,Single,2166,3,Yes,10
29,No,Travel_Rarely,10,3,1650,3,Male,Single,5869,9,No,8
36,No,Travel_Rarely,5,4,1651,2,Female,Married,8008,4,No,9
25,No,Travel_Frequently,2,1,1653,4,Male,Divorced,5206,1,No,7
39,No,Travel_Rarely,12,3,1654,4,Male,Married,5295,4,No,7
49,No,Travel_Rarely,22,4,1655,1,Female,Married,16413,3,No,27
50,No,Travel_Rarely,17,5,1656,4,Female,Divorced,13269,5,No,19
20,No,Travel_Rarely,2,3,1657,3,Female,Single,2783,1,No,2
34,No,Travel_Rarely,3,3,1658,4,Female,Divorced,5433,1,No,11
36,No,Travel_Rarely,7,3,1659,1,Male,Single,2013,2,No,15
49,No,Travel_Rarely,6,1,1661,3,Female,Married,13966,2,Yes,30
36,No,Non-Travel,1,4,1662,4,Female,Married,4374,0,No,4
36,No,Travel_Rarely,3,2,1664,4,Male,Divorced,6842,6,No,13
54,No,Travel_Rarely,22,5,1665,2,Female,Married,17426,3,No,36
43,No,Travel_Rarely,15,2,1666,3,Male,Married,17603,1,No,14
35,Yes,Travel_Frequently,12,4,1667,4,Male,Single,4581,3,Yes,13
38,No,Travel_Frequently,1,3,1668,4,Male,Married,4735,7,No,19
29,No,Travel_Rarely,5,3,1669,1,Male,Divorced,4187,1,Yes,10
33,No,Travel_Rarely,2,4,1670,4,Male,Divorced,5505,1,No,6
32,No,Travel_Rarely,2,3,1671,4,Male,Divorced,5470,0,No,10
31,No,Travel_Rarely,5,4,1673,1,Female,Married,5476,1,No,10
49,No,Travel_Rarely,16,3,1674,4,Female,Divorced,2587,4,Yes,17
38,No,Travel_Frequently,2,3,1675,4,Female,Single,2440,1,No,4
47,No,Travel_Rarely,2,4,1676,2,Female,Divorced,15972,6,No,29
49,No,Travel_Rarely,1,3,1677,3,Male,Single,15379,4,No,23
41,No,Travel_Rarely,23,2,1678,4,Male,Single,7082,3,Yes,21
20,No,Travel_Rarely,9,1,1680,4,Male,Single,2728,1,No,2
33,No,Non-Travel,16,3,1681,3,Female,Divorced,5368,1,Yes,7
36,No,Travel_Rarely,26,4,1682,1,Male,Married,5347,6,No,10
44,No,Travel_Rarely,1,3,1683,3,Female,Divorced,3195,4,Yes,8
23,Yes,Travel_Rarely,8,1,1684,4,Male,Single,3989,1,Yes,5
38,No,Travel_Rarely,4,2,1687,4,Female,Married,3306,7,No,7
53,No,Travel_Rarely,24,4,1689,2,Male,Married,7005,3,No,11
48,Yes,Travel_Frequently,7,2,1691,4,Female,Married,2655,2,Yes,19
32,Yes,Travel_Rarely,2,4,1692,4,Male,Single,1393,1,No,1
26,No,Non-Travel,7,3,1693,4,Male,Single,2570,1,No,7
55,No,Travel_Rarely,22,3,1694,1,Male,Divorced,3537,5,No,8
34,No,Travel_Rarely,5,2,1696,2,Male,Married,3986,1,No,15
60,No,Travel_Rarely,1,4,1697,3,Male,Divorced,10883,3,No,19
33,No,Travel_Rarely,21,3,1698,2,Male,Married,2028,1,No,14
37,No,Travel_Frequently,1,4,1700,3,Male,Divorced,9525,1,No,6
34,No,Travel_Rarely,19,3,1701,2,Female,Married,2929,1,No,10
23,Yes,Travel_Rarely,7,3,1702,3,Male,Divorced,2275,1,Yes,3
44,No,Travel_Rarely,2,3,1703,3,Female,Married,7879,1,Yes,9
35,No,Travel_Frequently,2,4,1704,1,Male,Single,4930,0,Yes,6
43,No,Travel_Rarely,2,3,1706,4,Male,Married,7847,1,Yes,10
24,No,Travel_Rarely,9,3,1707,3,Male,Married,4401,1,No,5
41,No,Travel_Rarely,6,3,1708,4,Male,Single,9241,1,No,10
29,No,Travel_Rarely,9,4,1709,4,Female,Married,2974,9,No,9
36,No,Travel_Rarely,2,4,1710,3,Female,Single,4502,3,No,17
45,No,Non-Travel,1,1,1712,3,Male,Married,10748,3,No,25
24,Yes,Travel_Rarely,22,1,1714,4,Male,Married,1555,1,No,1
47,Yes,Travel_Frequently,9,3,1716,3,Male,Married,12936,7,No,25
26,No,Travel_Rarely,17,4,1718,4,Male,Married,2305,1,No,3
45,No,Travel_Rarely,28,2,1719,4,Female,Single,16704,1,No,21
32,No,Travel_Frequently,10,3,1720,1,Male,Married,3433,6,No,10
31,No,Travel_Rarely,2,4,1721,2,Male,Married,3477,1,No,6
41,No,Non-Travel,4,3,1722,3,Male,Married,6430,6,No,10
40,No,Travel_Rarely,8,2,1724,2,Female,Married,6516,2,Yes,18
24,No,Travel_Rarely,29,1,1725,2,Male,Divorced,3907,1,No,6
46,No,Travel_Rarely,13,4,1727,3,Male,Single,5562,6,No,19
35,No,Travel_Rarely,27,4,1728,4,Male,Married,6883,2,No,17
30,No,Travel_Rarely,16,1,1729,2,Male,Married,2862,1,No,10
47,No,Non-Travel,2,4,1731,3,Male,Married,4978,7,No,4
46,No,Travel_Rarely,2,3,1732,3,Male,Divorced,10368,4,Yes,13
36,Yes,Travel_Rarely,13,5,1733,2,Male,Divorced,6134,5,Yes,16
32,Yes,Travel_Rarely,1,2,1734,1,Male,Single,6735,6,No,10
23,No,Travel_Rarely,4,1,1735,3,Female,Single,3295,1,No,3
31,No,Travel_Frequently,24,1,1736,4,Female,Single,5238,2,No,9
39,No,Non-Travel,1,3,1737,4,Male,Married,6472,1,Yes,9
32,No,Travel_Rarely,19,3,1739,4,Male,Married,9610,3,No,10
40,No,Travel_Rarely,7,4,1740,2,Male,Single,19833,1,No,21
45,No,Travel_Rarely,4,3,1744,3,Female,Married,9756,4,No,9
30,No,Travel_Frequently,2,4,1745,4,Female,Single,4968,0,No,10
24,No,Travel_Frequently,10,3,1746,1,Male,Married,2145,0,No,3
30,Yes,Travel_Frequently,8,3,1747,3,Female,Divorced,2180,6,No,6
31,No,Travel_Rarely,5,3,1749,1,Male,Married,8346,1,No,6
27,No,Travel_Rarely,8,3,1751,3,Female,Single,3445,1,No,6
29,Yes,Travel_Rarely,9,3,1752,2,Female,Single,2760,1,No,2
29,No,Travel_Frequently,1,3,1753,4,Male,Single,6294,8,Yes,10
30,No,Travel_Rarely,15,2,1754,3,Male,Divorced,7140,2,No,12
34,No,Travel_Rarely,2,4,1755,4,Male,Married,2932,0,Yes,6
33,No,Non-Travel,2,3,1756,4,Female,Single,5147,8,No,13
49,No,Travel_Rarely,11,4,1757,4,Female,Single,4507,3,No,8
33,Yes,Travel_Rarely,16,3,1758,1,Female,Single,8564,2,Yes,11
38,No,Travel_Frequently,2,2,1760,3,Female,Married,2468,4,No,9
31,Yes,Travel_Rarely,16,4,1761,1,Male,Married,8161,2,No,10
29,No,Travel_Rarely,4,3,1762,4,Female,Divorced,2109,1,No,1
30,No,Travel_Rarely,16,3,1763,3,Male,Married,5294,3,No,10
32,No,Non-Travel,5,4,1764,2,Male,Single,2718,2,No,12
38,No,Travel_Rarely,18,3,1766,2,Male,Married,5811,3,Yes,15
43,Yes,Travel_Frequently,17,3,1767,3,Male,Married,2437,9,Yes,6
42,No,Travel_Rarely,12,3,1768,2,Male,Divorced,2766,8,No,7
55,No,Travel_Rarely,2,3,1770,3,Male,Married,19038,8,No,34
33,No,Non-Travel,4,3,1771,4,Male,Divorced,3055,5,No,11
41,No,Travel_Rarely,9,4,1772,3,Male,Divorced,2289,1,No,5
34,No,Non-Travel,10,3,1774,4,Male,Divorced,4001,1,Yes,15
53,No,Non-Travel,1,4,1775,1,Female,Married,12965,4,Yes,27
43,No,Travel_Rarely,2,3,1778,2,Male,Single,3539,0,No,10
34,No,Travel_Rarely,3,2,1779,4,Female,Single,6029,5,No,6
21,Yes,Travel_Rarely,7,1,1780,2,Male,Single,2679,1,No,1
38,No,Travel_Rarely,6,2,1782,4,Female,Married,3702,1,No,5
22,Yes,Travel_Rarely,8,1,1783,3,Female,Married,2398,1,Yes,1
31,No,Travel_Rarely,29,4,1784,1,Female,Married,5468,1,No,13
51,No,Travel_Rarely,3,3,1786,1,Female,Married,13116,2,No,15
37,No,Travel_Rarely,9,2,1787,2,Male,Married,4189,1,No,5
46,No,Travel_Rarely,2,4,1789,3,Male,Divorced,19328,7,Yes,24
36,No,Travel_Rarely,10,3,1790,4,Male,Married,8321,7,Yes,15
44,Yes,Travel_Frequently,1,2,1792,3,Male,Divorced,2342,1,Yes,6
37,No,Travel_Rarely,8,2,1794,3,Male,Divorced,4071,2,No,19
35,Yes,Travel_Rarely,27,3,1797,3,Male,Single,5813,1,Yes,10
33,No,Travel_Rarely,8,4,1798,4,Male,Married,3143,6,No,14
28,No,Travel_Rarely,1,3,1799,3,Male,Married,2044,1,No,5
39,No,Travel_Rarely,10,1,1800,3,Male,Single,13464,7,No,9
46,No,Non-Travel,26,2,1801,2,Male,Single,7991,8,No,6
40,No,Travel_Rarely,2,2,1802,3,Female,Married,3377,4,No,7
42,No,Travel_Rarely,13,3,1803,2,Male,Married,5538,5,No,10
35,No,Non-Travel,2,2,1804,2,Male,Divorced,5762,2,No,15
38,No,Non-Travel,2,3,1805,1,Male,Divorced,2592,5,No,13
34,Yes,Travel_Frequently,9,4,1807,4,Male,Married,5346,4,No,11
37,Yes,Travel_Rarely,10,4,1809,4,Male,Single,4213,1,No,10
39,No,Travel_Frequently,20,3,1812,3,Male,Divorced,4127,2,No,7
43,No,Non-Travel,9,3,1813,1,Male,Single,2438,4,No,7
41,No,Travel_Rarely,5,3,1814,2,Male,Single,6870,3,No,11
41,No,Travel_Rarely,4,1,1815,3,Female,Divorced,10447,0,Yes,23
30,No,Travel_Rarely,10,3,1816,1,Female,Single,9667,9,No,9
26,Yes,Travel_Rarely,20,2,1818,4,Female,Married,2148,0,Yes,6
46,Yes,Travel_Rarely,21,2,1821,4,Female,Married,8926,4,No,13
40,No,Travel_Rarely,1,3,1822,3,Female,Divorced,6513,4,No,12
34,No,Travel_Rarely,8,2,1823,2,Male,Married,6799,1,No,10
58,No,Non-Travel,2,3,1824,2,Male,Divorced,16291,4,No,37
35,No,Travel_Rarely,23,4,1826,2,Male,Married,2705,0,No,6
47,No,Travel_Rarely,4,3,1827,3,Female,Divorced,10333,8,Yes,28
40,No,Travel_Rarely,12,3,1829,2,Female,Divorced,4448,2,No,15
54,No,Travel_Rarely,7,4,1830,4,Female,Married,6854,4,No,14
31,No,Travel_Frequently,7,4,1833,1,Female,Married,9637,2,No,9
28,No,Travel_Rarely,1,3,1834,3,Female,Married,3591,1,No,3
38,No,Travel_Rarely,2,4,1835,2,Female,Married,5405,2,Yes,20
26,No,Travel_Rarely,10,3,1836,3,Male,Single,4684,1,No,5
58,No,Travel_Frequently,15,4,1837,1,Male,Married,15787,2,Yes,23
18,No,Non-Travel,14,3,1839,2,Female,Single,1514,1,No,0
31,Yes,Travel_Rarely,18,5,1842,4,Male,Married,2956,0,No,2
29,Yes,Travel_Rarely,13,3,1844,1,Male,Divorced,2335,4,Yes,4
45,No,Non-Travel,2,4,1845,3,Female,Married,5154,4,No,10
36,No,Travel_Rarely,2,4,1847,4,Female,Married,6962,4,Yes,15
43,No,Travel_Frequently,2,4,1849,1,Male,Married,5675,1,No,7
27,No,Travel_Frequently,5,2,1850,4,Female,Single,2379,0,Yes,6
29,No,Travel_Frequently,20,1,1852,4,Male,Married,3812,1,No,11
32,No,Travel_Frequently,10,4,1853,4,Male,Single,4648,8,No,4
42,No,Non-Travel,10,4,1854,3,Male,Married,2936,3,No,10
47,No,Travel_Rarely,9,4,1856,2,Female,Single,2105,4,No,7
46,No,Travel_Rarely,2,2,1857,4,Male,Divorced,8578,3,No,12
28,No,Non-Travel,1,2,1858,3,Male,Divorced,2706,1,No,3
29,No,Travel_Rarely,29,1,1859,4,Male,Divorced,6384,8,No,11
42,No,Travel_Rarely,8,3,1860,4,Male,Single,3968,4,No,8
32,Yes,Travel_Rarely,2,4,1862,3,Male,Single,9907,7,Yes,7
46,No,Travel_Rarely,3,3,1863,1,Female,Divorced,13225,2,No,25
27,No,Travel_Rarely,23,1,1864,2,Female,Married,3540,1,No,9
29,No,Travel_Rarely,6,1,1865,4,Male,Married,2804,1,No,1
43,No,Travel_Rarely,6,3,1866,1,Female,Married,19392,7,No,21
48,No,Travel_Rarely,10,3,1867,4,Male,Married,19665,4,No,29
29,Yes,Travel_Frequently,24,2,1868,4,Male,Single,2439,1,Yes,1
46,Yes,Travel_Rarely,10,3,1869,3,Female,Married,7314,5,No,14
27,No,Travel_Frequently,15,3,1870,4,Female,Married,4774,0,No,8
39,No,Travel_Rarely,19,4,1871,4,Male,Divorced,3902,8,No,7
55,No,Travel_Rarely,2,4,1873,2,Male,Married,2662,8,No,19
28,No,Travel_Rarely,3,3,1875,2,Female,Married,2856,1,No,1
30,Yes,Travel_Rarely,9,3,1876,2,Male,Single,1081,1,No,1
22,Yes,Travel_Rarely,7,1,1878,4,Male,Single,2472,1,Yes,1
36,No,Travel_Rarely,10,4,1880,2,Female,Married,5673,1,Yes,10
31,No,Travel_Rarely,20,3,1881,2,Male,Divorced,4197,1,No,10
34,No,Travel_Rarely,4,3,1882,3,Male,Married,9713,2,Yes,9
29,No,Travel_Rarely,7,3,1883,4,Male,Single,2062,3,No,11
37,No,Travel_Rarely,7,4,1885,4,Male,Married,4284,5,Yes,16
35,No,Travel_Rarely,16,2,1886,4,Female,Married,4788,0,Yes,4
45,No,Travel_Rarely,25,2,1888,2,Female,Married,5906,0,No,10
36,No,Travel_Frequently,2,1,1890,2,Male,Single,3886,1,No,10
40,No,Travel_Rarely,1,4,1892,1,Male,Divorced,16823,2,No,22
26,No,Travel_Rarely,1,2,1893,2,Female,Married,2933,1,Yes,1
27,No,Travel_Rarely,2,2,1898,1,Female,Single,6500,0,No,9
48,No,Travel_Frequently,22,3,1900,4,Female,Divorced,17174,3,No,24
44,No,Travel_Rarely,1,4,1903,2,Male,Married,5033,2,No,10
34,Yes,Non-Travel,16,4,1905,4,Male,Married,2307,1,Yes,5
56,Yes,Travel_Rarely,24,2,1907,1,Male,Single,2587,1,No,5
36,No,Travel_Rarely,17,2,1908,3,Male,Married,5507,2,No,12
41,No,Travel_Rarely,8,3,1909,3,Female,Married,4393,5,No,14
42,No,Travel_Rarely,6,3,1911,3,Male,Married,13348,9,No,18
31,No,Travel_Rarely,10,2,1912,3,Female,Divorced,6583,2,Yes,8
34,No,Travel_Rarely,3,1,1915,4,Female,Married,8103,3,Yes,9
31,No,Travel_Rarely,4,3,1916,1,Female,Divorced,3978,8,No,4
26,No,Travel_Frequently,6,3,1918,3,Male,Married,2544,0,No,8
45,No,Travel_Frequently,1,4,1922,2,Male,Single,5399,4,No,12
33,No,Travel_Rarely,10,4,1924,2,Male,Single,5487,1,No,10
28,No,Travel_Frequently,1,2,1927,3,Male,Married,6834,1,Yes,7
29,Yes,Travel_Frequently,24,3,1928,3,Male,Single,1091,1,No,1
39,No,Non-Travel,21,4,1929,1,Female,Married,5736,6,No,10
27,No,Travel_Rarely,2,4,1931,2,Male,Married,2226,1,No,6
34,No,Travel_Frequently,22,4,1932,3,Male,Married,5747,1,Yes,16
28,Yes,Travel_Rarely,13,2,1933,4,Female,Single,9854,3,Yes,6
47,No,Non-Travel,14,4,1934,3,Male,Married,5467,8,No,16
56,No,Travel_Rarely,11,5,1935,4,Female,Married,5380,4,No,6
39,No,Travel_Rarely,9,2,1936,1,Male,Married,5151,1,No,10
38,No,Travel_Frequently,8,3,1937,4,Female,Divorced,2133,1,Yes,20
58,No,Travel_Rarely,21,3,1938,4,Female,Married,17875,4,Yes,29
32,Yes,Travel_Frequently,5,2,1939,1,Female,Single,2432,3,Yes,8
38,No,Travel_Rarely,9,2,1940,2,Male,Divorced,4771,2,No,10
49,No,Travel_Frequently,2,1,1941,2,Male,Married,19161,3,No,28
42,No,Travel_Rarely,12,4,1943,2,Male,Divorced,5087,3,Yes,14
27,Yes,Travel_Frequently,22,3,1944,1,Female,Married,2863,1,No,1
35,No,Travel_Rarely,18,4,1945,2,Male,Married,5561,0,No,6
28,No,Non-Travel,16,3,1947,3,Male,Single,2144,1,No,5
31,No,Non-Travel,3,2,1948,3,Male,Divorced,3065,1,Yes,4
36,No,Non-Travel,9,4,1949,1,Male,Married,2810,1,No,5
34,No,Travel_Rarely,1,3,1950,1,Male,Single,9888,1,No,14
34,No,Travel_Rarely,13,4,1951,4,Male,Divorced,8628,1,No,9
26,No,Travel_Rarely,1,3,1952,3,Male,Single,2867,0,No,8
29,No,Travel_Rarely,1,3,1954,1,Male,Married,5373,0,No,6
32,No,Non-Travel,15,4,1955,3,Female,Divorced,6667,5,No,9
31,No,Travel_Frequently,1,3,1956,4,Male,Married,5003,1,No,10
28,Yes,Travel_Rarely,17,3,1960,3,Male,Divorced,2367,5,No,6
38,No,Travel_Rarely,1,3,1961,1,Male,Single,2858,4,No,20
35,No,Travel_Rarely,7,4,1962,3,Female,Married,5204,1,Yes,10
27,No,Travel_Rarely,9,3,1965,4,Male,Single,4105,1,No,7
32,No,Travel_Rarely,5,4,1966,4,Male,Single,9679,8,No,8
31,Yes,Travel_Frequently,26,4,1967,1,Male,Married,5617,1,Yes,10
53,Yes,Travel_Rarely,24,4,1968,1,Male,Single,10448,6,Yes,15
54,No,Travel_Rarely,9,2,1969,1,Female,Married,2897,3,No,9
33,No,Travel_Frequently,7,2,1970,4,Male,Divorced,5968,1,No,9
43,No,Travel_Rarely,11,3,1971,1,Male,Married,7510,1,No,10
38,No,Travel_Frequently,1,4,1972,4,Male,Married,2991,0,Yes,7
55,No,Travel_Rarely,26,4,1973,3,Male,Married,19636,4,Yes,35
31,No,Travel_Rarely,2,1,1974,4,Female,Divorced,1129,1,Yes,1
39,No,Travel_Rarely,15,4,1975,2,Male,Single,13341,0,No,21
42,No,Non-Travel,23,2,1976,4,Male,Single,4332,1,No,20
31,No,Non-Travel,10,3,1979,3,Female,Married,11031,4,No,13
54,No,Travel_Rarely,10,3,1980,3,Female,Single,4440,6,Yes,9
24,No,Travel_Rarely,1,2,1981,2,Male,Single,4617,1,No,4
23,No,Travel_Rarely,12,2,1982,4,Male,Single,2647,1,No,5
40,No,Travel_Frequently,11,3,1985,4,Female,Married,6323,1,No,10
40,No,Travel_Rarely,2,2,1986,2,Female,Married,5677,3,No,15
25,No,Travel_Rarely,2,3,1987,3,Female,Married,2187,4,No,6
30,No,Travel_Rarely,1,2,1989,4,Male,Married,3748,1,No,12
25,No,Travel_Rarely,2,1,1992,4,Male,Divorced,3977,6,Yes,7
47,No,Travel_Rarely,25,3,1993,1,Male,Single,8633,2,No,25
33,No,Non-Travel,1,2,1994,2,Male,Divorced,2008,1,No,1
38,No,Travel_Rarely,1,4,1995,4,Male,Married,4440,0,No,16
31,No,Travel_Rarely,2,2,1996,1,Male,Married,3067,0,No,3
38,No,Travel_Frequently,6,4,1997,1,Male,Married,5321,2,No,10
42,No,Travel_Rarely,18,4,1998,4,Male,Divorced,5410,6,Yes,9
41,No,Travel_Rarely,1,3,1999,4,Male,Married,2782,3,No,12
47,No,Non-Travel,1,1,2000,3,Female,Married,11957,0,No,14
35,No,Travel_Rarely,11,4,2003,4,Male,Married,2660,7,Yes,5
22,No,Travel_Rarely,1,2,2007,4,Male,Single,3375,0,No,4
35,No,Travel_Rarely,9,4,2008,2,Male,Single,5098,1,No,10
33,No,Travel_Rarely,15,2,2009,2,Female,Married,4878,0,Yes,10
32,No,Travel_Rarely,29,4,2010,3,Female,Single,2837,1,No,6
40,No,Travel_Rarely,1,4,2012,1,Male,Married,2406,8,No,8
32,No,Travel_Rarely,1,4,2013,2,Male,Married,2269,0,No,3
39,No,Travel_Rarely,24,1,2014,1,Male,Single,4108,7,No,18
38,No,Travel_Rarely,10,3,2015,2,Female,Married,13206,3,No,20
32,No,Travel_Rarely,1,4,2016,3,Female,Married,10422,1,No,14
37,No,Travel_Rarely,10,3,2017,3,Female,Married,13744,1,Yes,16
25,No,Travel_Rarely,8,2,2018,1,Female,Divorced,4907,0,Yes,6
52,No,Non-Travel,29,4,2019,1,Male,Divorced,3482,2,No,16
44,No,Travel_Rarely,1,3,2020,2,Male,Single,2436,6,Yes,6
21,No,Travel_Rarely,5,1,2021,3,Male,Single,2380,1,Yes,2
39,No,Non-Travel,9,3,2022,4,Male,Single,19431,2,No,21
23,Yes,Travel_Frequently,9,3,2023,4,Male,Married,1790,1,No,1
36,No,Travel_Rarely,3,3,2024,1,Female,Married,7644,0,No,10
36,No,Travel_Frequently,4,2,2025,4,Female,Divorced,5131,7,No,18
56,No,Non-Travel,1,4,2026,3,Male,Divorced,6306,1,No,13
29,Yes,Travel_Rarely,1,4,2027,1,Male,Married,4787,9,Yes,4
42,No,Travel_Rarely,2,3,2031,1,Male,Married,18880,5,No,24
56,Yes,Travel_Rarely,7,2,2032,4,Male,Married,2339,8,No,14
41,No,Travel_Rarely,28,4,2034,1,Female,Married,13570,0,No,21
34,No,Travel_Rarely,28,3,2035,4,Female,Married,6712,1,No,8
36,No,Non-Travel,15,4,2036,4,Male,Divorced,5406,1,No,15
41,No,Travel_Rarely,3,3,2037,3,Male,Divorced,8938,2,No,14
32,No,Travel_Rarely,2,3,2038,4,Male,Single,2439,1,No,4
35,No,Travel_Rarely,26,4,2040,3,Female,Single,8837,1,Yes,9
38,No,Travel_Rarely,10,2,2041,1,Female,Married,5343,1,No,10
50,Yes,Travel_Frequently,1,4,2044,2,Male,Divorced,6728,7,No,12
36,No,Travel_Rarely,11,4,2045,2,Female,Married,6652,4,No,8
45,No,Travel_Rarely,20,3,2046,4,Female,Single,4850,8,No,8
40,No,Travel_Rarely,2,4,2048,3,Male,Single,2809,2,No,8
35,No,Travel_Frequently,18,4,2049,3,Male,Married,5689,1,Yes,10
40,No,Travel_Rarely,2,4,2051,3,Female,Married,2001,2,No,20
35,No,Travel_Rarely,1,4,2052,3,Female,Married,2977,1,No,4
29,No,Travel_Rarely,13,2,2053,4,Male,Married,4025,4,Yes,10
29,No,Travel_Rarely,28,4,2054,4,Female,Single,3785,1,No,5
50,Yes,Travel_Rarely,28,3,2055,4,Male,Divorced,10854,4,Yes,20
39,No,Travel_Rarely,24,1,2056,2,Female,Married,12031,0,No,21
31,No,Non-Travel,5,3,2057,2,Male,Single,9936,0,No,10
26,No,Travel_Rarely,5,3,2060,4,Female,Single,2966,0,No,5
36,No,Travel_Frequently,23,2,2061,3,Male,Married,2571,4,No,17
39,No,Travel_Rarely,6,1,2062,4,Male,Married,9991,4,No,9
27,No,Travel_Rarely,4,3,2064,2,Male,Married,6142,1,Yes,6
49,No,Travel_Frequently,2,3,2065,4,Male,Married,5390,2,No,17
34,No,Travel_Rarely,8,3,2068,2,Male,Married,4404,2,No,6
